author,camera,category,image_urls,images,published_on,tags,title
Unsplash+,no_information,3D Renders,https://plus.unsplash.com/premium_photo-1686591099761-42af5938273a?q=80&w=1000&auto=format&fit=crop&ixlib=rb-4.0.3&ixid=M3wxMjA3fDB8MHxwaG90by1wYWdlfHx8fGVufDB8fHx8fA%3D%3D,"[{'url': 'https://plus.unsplash.com/premium_photo-1686591099761-42af5938273a?q=80&w=1000&auto=format&fit=crop&ixlib=rb-4.0.3&ixid=M3wxMjA3fDB8MHxwaG90by1wYWdlfHx8fGVufDB8fHx8fA%3D%3D', 'path': ""['a black and gold background with vertical lines']-7fbe563d02ca6a7e2d9e895e3bd1c346da1a213c.jpg"", 'checksum': '0327ae3f5d65ff8df662522a1888b735', 'status': 'uptodate'}]","June 13, 2023 (UTC)","lines,yellow and black,yellow light,line texture,black and orange,3d model,neon yellow,yellow black,lines background,black aesthetic,Hd wallpapers,dark mode wallpapers,Hd iphone wallpapers,4k black background,dark mode,line,lines wallpaper,linear,dark yellow,spiral,Backgrounds,line,dark mode wallpaper,Hd wallpapers,black and orange,Hd wallpapers,Hq background images,central,Hd wallpapers,Hq background images",a black and gold background with vertical lines
LOGAN WEAVER | @LGNWVR,"Canon, EOS R5",,https://images.unsplash.com/photo-1714685953621-4e7ae070ee02?q=80&w=1000&auto=format&fit=crop&ixlib=rb-4.0.3&ixid=M3wxMjA3fDB8MHxwaG90by1wYWdlfHx8fGVufDB8fHx8fA%3D%3D,"[{'url': 'https://images.unsplash.com/photo-1714685953621-4e7ae070ee02?q=80&w=1000&auto=format&fit=crop&ixlib=rb-4.0.3&ixid=M3wxMjA3fDB8MHxwaG90by1wYWdlfHx8fGVufDB8fHx8fA%3D%3D', 'path': ""['a man sitting in a chair taking a picture of himself']-15462d12435b07191e91dfde58737e637840ec50.jpg"", 'checksum': '41d2a62567144bb2c40514e5d64a33a8', 'status': 'uptodate'}]","May 2, 2024 (UTC)","photography,accessories,formal wear,tie,accessory,coat,man,adult,human,male,Women images & pictures,female,suit,head,face,jacket,blazer,Smoke backgrounds,electronics,wristwatch,Free pictures,Hd grey wallpapers,sea,Hd city wallpapers,nutrition,Food images & pictures,Fruits images & pictures,outdoor,Cloud pictures & images,Hq background images",a man sitting in a chair taking a picture of himself
Dex Ezekiel,"SONY, ILCE-7M3",Black & White,https://images.unsplash.com/photo-1714524719483-324e468bce2d?q=80&w=1000&auto=format&fit=crop&ixlib=rb-4.0.3&ixid=M3wxMjA3fDB8MHxwaG90by1wYWdlfHx8fGVufDB8fHx8fA%3D%3D,"[{'url': 'https://images.unsplash.com/photo-1714524719483-324e468bce2d?q=80&w=1000&auto=format&fit=crop&ixlib=rb-4.0.3&ixid=M3wxMjA3fDB8MHxwaG90by1wYWdlfHx8fGVufDB8fHx8fA%3D%3D', 'path': ""['a man walking across a parking lot while talking on a cell phone']-2d8534617721867d909175af8ea5f0b47ff7ebc0.jpg"", 'checksum': '29a2a0949404fb941c17b7162a9bd624', 'status': 'uptodate'}]","May 1, 2024 (UTC)","photography,photo,human,portrait,People images & pictures,pants,male,Tree images & pictures,People images & pictures,shirt,shorts,standing,sleeve,outdoors,Hd softball wallpapers,Nature images,town,Hd phone wallpapers,street,road,Backgrounds,outdoor,dusk,sunrise,Music images & pictures,hand,People images & pictures,day,united state,Flag images & pictures",a man walking across a parking lot while talking on a cell phone
Unsplash+,no_information,,https://plus.unsplash.com/premium_photo-1673240159078-5b644ac78ede?q=80&w=1000&auto=format&fit=crop&ixlib=rb-4.0.3&ixid=M3wxMjA3fDB8MHxwaG90by1wYWdlfHx8fGVufDB8fHx8fA%3D%3D,"[{'url': 'https://plus.unsplash.com/premium_photo-1673240159078-5b644ac78ede?q=80&w=1000&auto=format&fit=crop&ixlib=rb-4.0.3&ixid=M3wxMjA3fDB8MHxwaG90by1wYWdlfHx8fGVufDB8fHx8fA%3D%3D', 'path': ""['a black and white photo of a forest']-43d210d5339baf5f21a25ff8f663fbeec6e531a2.jpg"", 'checksum': '6d9a6e25e2fdb9a23c622dac75e49857', 'status': 'uptodate'}]","January 9, 2023 (UTC)","mono,Hd wallpapers,Hq background images,Tree images & pictures,canada,alberta,Hd desktop wallpapers,Hd phone wallpapers,Abstract backgrounds,Hd home screen wallpapers,Hd screen saver wallpapers,Hd lock screen wallpapers,Phone backgrounds,Desktop backgrounds,Hq background images,Hd wallpapers,field,grassland,land,fir,Backgrounds,jungle night,Hd wallpapers,vegetation,torture,Scary images & pictures,shadow,haunted forest,Hd wallpapers,Hq background images",a black and white photo of a forest
Pascal Bullan,"NIKON CORPORATION, NIKON Z 5",,https://images.unsplash.com/photo-1714718086623-387c78e0e328?q=80&w=1000&auto=format&fit=crop&ixlib=rb-4.0.3&ixid=M3wxMjA3fDB8MHxwaG90by1wYWdlfHx8fGVufDB8fHx8fA%3D%3D,"[{'url': 'https://images.unsplash.com/photo-1714718086623-387c78e0e328?q=80&w=1000&auto=format&fit=crop&ixlib=rb-4.0.3&ixid=M3wxMjA3fDB8MHxwaG90by1wYWdlfHx8fGVufDB8fHx8fA%3D%3D', 'path': ""['a tall yellow building with a clock on the side of it']-91d456c5de28b50f1f7fce7ffff4bee50807c39a.jpg"", 'checksum': '09a524f145b5764ec5ce556d08ff6c87', 'status': 'uptodate'}]","May 3, 2024 (UTC)","berlin,deutschland,philharmonie berlin,herbert-von-karajan-straße,Hd geometric wallpapers,geometric pattern,Metal backgrounds,Pattern backgrounds,Hd pattern wallpapers,yellow aesthetic,Yellow backgrounds,Hd yellow wallpapers,Texture backgrounds,modern architecture,structure,lines,Hd city wallpapers,building,apartment building,condo,Free pictures,Happy birthday images,Cake images,Food images & pictures,Hd abstract wallpapers,Hq background images,Texture backgrounds,styled accessory,neutral tone,muted tone",a tall yellow building with a clock on the side of it
Unsplash+,no_information,,https://plus.unsplash.com/premium_photo-1671278908963-1c35963bf3a5?q=80&w=1000&auto=format&fit=crop&ixlib=rb-4.0.3&ixid=M3wxMjA3fDB8MHxwaG90by1wYWdlfHx8fGVufDB8fHx8fA%3D%3D,"[{'url': 'https://plus.unsplash.com/premium_photo-1671278908963-1c35963bf3a5?q=80&w=1000&auto=format&fit=crop&ixlib=rb-4.0.3&ixid=M3wxMjA3fDB8MHxwaG90by1wYWdlfHx8fGVufDB8fHx8fA%3D%3D', 'path': ""['a black and white photo of a snow covered forest']-bf90a758e881af82c3df343e332288c310da7fe4.jpg"", 'checksum': 'b3cc432d1b792c7e875ce64a391afb49', 'status': 'uptodate'}]","December 18, 2022 (UTC)","Hd snow wallpapers,frozen forest,Tree images & pictures,frozen,Winter images & pictures,land,Tree images & pictures,Nature images,outdoors,vegetation,woodland,aerial view,ice,Hd white wallpapers,Creative Commons images,building,Hd grey wallpapers,Hd wood wallpapers,Hd grey wallpapers,Hd wallpapers,outdoor,catitude,Animals images & pictures,Cat images & pictures",a black and white photo of a snow covered forest
Unsplash+,no_information,,https://plus.unsplash.com/premium_photo-1672372516651-97986437ba14?q=80&w=1000&auto=format&fit=crop&ixlib=rb-4.0.3&ixid=M3wxMjA3fDB8MHxwaG90by1wYWdlfHx8fGVufDB8fHx8fA%3D%3D,"[{'url': 'https://plus.unsplash.com/premium_photo-1672372516651-97986437ba14?q=80&w=1000&auto=format&fit=crop&ixlib=rb-4.0.3&ixid=M3wxMjA3fDB8MHxwaG90by1wYWdlfHx8fGVufDB8fHx8fA%3D%3D', 'path': ""['a black and white photo of a bunch of lights']-71b0abe5ab8c3032e0076c7c418d03c875417217.jpg"", 'checksum': 'fa007c61f956b8049534a9cf58a7c103', 'status': 'uptodate'}]","December 30, 2022 (UTC)","render,monochrome,the future,Hd 3d wallpapers,3d render,Hd abstract wallpapers,digital image,future objects,graphics,Hd pattern wallpapers,monochromatic,Hd wallpapers,resource database™,Texture backgrounds,blender 3.3,lighting,chandelier,lamp,pill,medication,Free stock photos,the future,resource database™,monochrome,Hd black wallpapers,Hd white wallpapers,resource database™,science,Hd abstract wallpapers,Hq background images",a black and white photo of a bunch of lights
Unsplash+,"FUJIFILM, X-T5",,https://plus.unsplash.com/premium_photo-1713586574470-18b1e878aa31?q=80&w=1000&auto=format&fit=crop&ixlib=rb-4.0.3&ixid=M3wxMjA3fDB8MHxwaG90by1wYWdlfHx8fGVufDB8fHx8fA%3D%3D,"[{'url': 'https://plus.unsplash.com/premium_photo-1713586574470-18b1e878aa31?q=80&w=1000&auto=format&fit=crop&ixlib=rb-4.0.3&ixid=M3wxMjA3fDB8MHxwaG90by1wYWdlfHx8fGVufDB8fHx8fA%3D%3D', 'path': ""['a group of clothes hanging on a clothes line']-389a29d3f8e1db0f1adcd6fce294a48f736ea9e2.jpg"", 'checksum': '51252e2ce6216cf8363d621d220f723c', 'status': 'uptodate'}]","April 20, 2024 (UTC)","fast fashion,over consumption,shopping,excess,fashion,garments,overconsumption,clothes,textiles,capsule wardrobe,clothes rail,clothing,commercialism,sustainable fashion,consumerism,conceptual photography,home decor,linen,Hd white wallpapers,Public domain images,collection,plant,Website backgrounds,Hd blue wallpapers,outdoor,Sports images,tempest,Hd wave wallpapers,sea",a group of clothes hanging on a clothes line
Unsplash+,no_information,,https://plus.unsplash.com/premium_photo-1664699091732-f7b552725c60?q=80&w=1000&auto=format&fit=crop&ixlib=rb-4.0.3&ixid=M3wxMjA3fDB8MHxwaG90by1wYWdlfHx8fGVufDB8fHx8fA%3D%3D,"[{'url': 'https://plus.unsplash.com/premium_photo-1664699091732-f7b552725c60?q=80&w=1000&auto=format&fit=crop&ixlib=rb-4.0.3&ixid=M3wxMjA3fDB8MHxwaG90by1wYWdlfHx8fGVufDB8fHx8fA%3D%3D', 'path': ""['a black and white photo of a curved wall']-f2eeb686ed0d0de3f08eed9beb86c9d916d58a10.jpg"", 'checksum': '0a0019a637e62a5ff4a4fb50ad11abbb', 'status': 'uptodate'}]","October 2, 2022 (UTC)","minimal,exterior,Hd black wallpapers,surface,black minimal,full black,pure black,pitch black,plain black background,Hd minimalist wallpapers,minimalism,architecture,lighting,outdoors,Nature images,handrail,face,plant,HD Wallpapers,Hd wallpapers,Hq background images,outdoor,black minimal,Hd wallpapers,Hq background images,full black,Hd wallpapers,Hq background images",a black and white photo of a curved wall
Unsplash+,no_information,,https://plus.unsplash.com/premium_photo-1673624399950-99066a5c9663?q=80&w=1000&auto=format&fit=crop&ixlib=rb-4.0.3&ixid=M3wxMjA3fDB8MHxwaG90by1wYWdlfHx8fGVufDB8fHx8fA%3D%3D,"[{'url': 'https://plus.unsplash.com/premium_photo-1673624399950-99066a5c9663?q=80&w=1000&auto=format&fit=crop&ixlib=rb-4.0.3&ixid=M3wxMjA3fDB8MHxwaG90by1wYWdlfHx8fGVufDB8fHx8fA%3D%3D', 'path': ""['a close up of a circular object with bubbles']-b1d9c846df1769eac54e3e337ad46cd9fed89410.jpg"", 'checksum': 'd33e09eb8d31afed8e483395b8a45a33', 'status': 'uptodate'}]","January 15, 2023 (UTC)","Hd pattern wallpapers,Hd art wallpapers,Texture backgrounds,Hd wallpapers,Hq background images,screensaver,pour,painting,liquid,abstraction,foam,Shark images & pictures,Animals images & pictures,sea life,Fish images,outdoors,Hd water wallpapers,Nature images,sea,accessories,Free images,ruin,Cloud pictures & images,Hd grey wallpapers,Life images & photos,Hd city wallpapers,building,reflection,People images & pictures,human",a close up of a circular object with bubbles
Mathias Reding,"FUJIFILM, X-T4",,https://images.unsplash.com/photo-1714573807885-6dd6fb38120b?q=80&w=1000&auto=format&fit=crop&ixlib=rb-4.0.3&ixid=M3wxMjA3fDB8MHxwaG90by1wYWdlfHx8fGVufDB8fHx8fA%3D%3D,"[{'url': 'https://images.unsplash.com/photo-1714573807885-6dd6fb38120b?q=80&w=1000&auto=format&fit=crop&ixlib=rb-4.0.3&ixid=M3wxMjA3fDB8MHxwaG90by1wYWdlfHx8fGVufDB8fHx8fA%3D%3D', 'path': ""['a black and white photo of the ocean waves']-a44a5b9b0fa27431988250d1831628ede4ba86d5.jpg"", 'checksum': '8a3af193485e90d20e3662fcb2a32973', 'status': 'uptodate'}]","May 1, 2024 (UTC)","Hd grey wallpapers,france,biarritz,Hd ocean wallpapers,outdoors,sea,Hd water wallpapers,Nature images,sea waves,Free stock photos,Hq background images,Hd wallpapers,Cloud pictures & images,urban,building,Hd city wallpapers,holding,hand,human",a black and white photo of the ocean waves
Tom Allport,"SONY, ILCE-7M3",Black & White,https://images.unsplash.com/photo-1714476942067-89165abdc1b2?q=80&w=1000&auto=format&fit=crop&ixlib=rb-4.0.3&ixid=M3wxMjA3fDB8MHxwaG90by1wYWdlfHx8fGVufDB8fHx8fA%3D%3D,"[{'url': 'https://images.unsplash.com/photo-1714476942067-89165abdc1b2?q=80&w=1000&auto=format&fit=crop&ixlib=rb-4.0.3&ixid=M3wxMjA3fDB8MHxwaG90by1wYWdlfHx8fGVufDB8fHx8fA%3D%3D', 'path': ""['a person standing on top of a hill near the ocean']-36b27a42fa4e498b26e6a9e17dec620bab3a074b.jpg"", 'checksum': '8401887d7219de02a3b1f581b9da2436', 'status': 'uptodate'}]","April 30, 2024 (UTC)","Hd grey wallpapers,uk,Hd ocean wallpapers,sea,Beach images & pictures,Lighthouse pictures & images,vibrant,Sun images & pictures,Hd chill wallpapers,Seascape pictures,serenity,serene,moody,calm,golden hour,Sunset images & pictures,outdoors,Nature images,coast,human,Free pictures,india,Hd grey wallpapers,outdoor,pet,Animals images & pictures,mammal,Hd purple wallpapers,Light backgrounds,night",a person standing on top of a hill near the ocean
Dex Ezekiel,"SONY, ILCE-7M3",Black & White,https://images.unsplash.com/photo-1714524719552-f89418e053c8?q=80&w=1000&auto=format&fit=crop&ixlib=rb-4.0.3&ixid=M3wxMjA3fDB8MHxwaG90by1wYWdlfHx8fGVufDB8fHx8fA%3D%3D,"[{'url': 'https://images.unsplash.com/photo-1714524719552-f89418e053c8?q=80&w=1000&auto=format&fit=crop&ixlib=rb-4.0.3&ixid=M3wxMjA3fDB8MHxwaG90by1wYWdlfHx8fGVufDB8fHx8fA%3D%3D', 'path': ""['a man sitting on top of a white object']-601c1e5d100431b703f79f5ff32f42658efa1f03.jpg"", 'checksum': 'ba7b73e355841cca416b2ac349a0276a', 'status': 'uptodate'}]","May 1, 2024 (UTC)","ca,usa,costa mesa,male,shoes,model man,shoe,sneaker,man,human,People images & pictures,adult,Tree images & pictures,hand,finger,sitting,pants,shorts,outdoors,Creative Commons images,People images & pictures,Hd wallpapers,blog,portrait,Women images & pictures,People images & pictures,mare,oceano,acqua",a man sitting on top of a white object
Wesley Tingey,"FUJIFILM, X-T2",,https://images.unsplash.com/photo-1714972383546-e1f40835cdae?q=80&w=1000&auto=format&fit=crop&ixlib=rb-4.0.3&ixid=M3wxMjA3fDB8MHxwaG90by1wYWdlfHx8fGVufDB8fHx8fA%3D%3D,"[{'url': 'https://images.unsplash.com/photo-1714972383546-e1f40835cdae?q=80&w=1000&auto=format&fit=crop&ixlib=rb-4.0.3&ixid=M3wxMjA3fDB8MHxwaG90by1wYWdlfHx8fGVufDB8fHx8fA%3D%3D', 'path': ""['a man and a woman hugging in front of a bush']-3e138167aabbebc3c644518656edda16c441ec78.jpg"", 'checksum': '5de0d34f6cc1f261e5995d5b3772d00d', 'status': 'uptodate'}]","May 6, 2024 (UTC)","Wedding backgrounds,bride,in love,Love images,marriage,bridals,couple posing,pose,bride and groom,groom,married couple,married,just married,couple,wedding photography,wedding dress,dress,adult,bridegroom,blossom,HD Wallpapers,Texture backgrounds,Hq background images,Hd pattern wallpapers,education,Book images & photos,school,Heart images,valentine,Valentines day images",a man and a woman hugging in front of a bush
Taiki Ishikawa,"SONY, ILCE-7M3",,https://images.unsplash.com/photo-1714745454829-a64751d90480?q=80&w=1000&auto=format&fit=crop&ixlib=rb-4.0.3&ixid=M3wxMjA3fDB8MHxwaG90by1wYWdlfHx8fGVufDB8fHx8fA%3D%3D,"[{'url': 'https://images.unsplash.com/photo-1714745454829-a64751d90480?q=80&w=1000&auto=format&fit=crop&ixlib=rb-4.0.3&ixid=M3wxMjA3fDB8MHxwaG90by1wYWdlfHx8fGVufDB8fHx8fA%3D%3D', 'path': ""['a black and white photo of a building']-4e3c94359cc85a77099bb007d560f69406db29a0.jpg"", 'checksum': 'e95e350e5ae5eb2e572cb96ad736194c', 'status': 'uptodate'}]","May 3, 2024 (UTC)","Hd black wallpapers,Hd grey wallpapers,building,Hd city wallpapers,town,office building,urban,HD Wallpapers,Hd grey wallpapers,Winter images & pictures,Tree images & pictures,Hd autumn wallpapers,plant,flora,Natur,Website backgrounds,grau",a black and white photo of a building
Rafael Garcin,no_information,,https://images.unsplash.com/photo-1714652232925-182c8cb2b3fc?q=80&w=1000&auto=format&fit=crop&ixlib=rb-4.0.3&ixid=M3wxMjA3fDB8MHxwaG90by1wYWdlfHx8fGVufDB8fHx8fA%3D%3D,"[{'url': 'https://images.unsplash.com/photo-1714652232925-182c8cb2b3fc?q=80&w=1000&auto=format&fit=crop&ixlib=rb-4.0.3&ixid=M3wxMjA3fDB8MHxwaG90by1wYWdlfHx8fGVufDB8fHx8fA%3D%3D', 'path': ""['a solar eclipse is seen in the dark sky']-4d296bdae75a538d1830350e077dfbe4f989582e.jpg"", 'checksum': 'bc0653d33a0b49744be83f7e52e4d865', 'status': 'uptodate'}]","May 2, 2024 (UTC)","Eclipse images & pictures,Hd black wallpapers,timelaps,totality,outdoors,Nature images,night,astronomy,Moon images & pictures,lunar eclipse,Creative Commons images,shop,cafe,Coffee images,fresh,Food images & pictures,vegetable,Hd grey wallpapers,People images & pictures,Hd city wallpapers",a solar eclipse is seen in the dark sky
Birmingham Museums Trust,"Canon, EOS 5DS",,https://images.unsplash.com/photo-1714252562758-a30752d9d098?q=80&w=1000&auto=format&fit=crop&ixlib=rb-4.0.3&ixid=M3wxMjA3fDB8MHxwaG90by1wYWdlfHx8fGVufDB8fHx8fA%3D%3D,"[{'url': 'https://images.unsplash.com/photo-1714252562758-a30752d9d098?q=80&w=1000&auto=format&fit=crop&ixlib=rb-4.0.3&ixid=M3wxMjA3fDB8MHxwaG90by1wYWdlfHx8fGVufDB8fHx8fA%3D%3D', 'path': ""['a pencil drawing of a pair of glasses']-0001103ebe65d33383180ffad15d2e4d3fc7f8a5.jpg"", 'checksum': 'a3d81fd1c1db77943afe73523f4fd709', 'status': 'uptodate'}]","April 27, 2024 (UTC)","drawing,negative space,monochrome,line drawing,illustration,work on paper,surreal,Landscape images & pictures,glasses,monochrome art,Hd art wallpapers,illustrated,sketch,HD Wallpapers,Hd grey wallpapers,Cloud pictures & images,outdoor,weather,Cloud pictures & images,outdoor,Cloud pictures & images,outdoor,Sunset images & pictures",a pencil drawing of a pair of glasses
Benjamin Cheng,no_information,Black & White,https://images.unsplash.com/photo-1714332818313-627551693dbc?q=80&w=1000&auto=format&fit=crop&ixlib=rb-4.0.3&ixid=M3wxMjA3fDB8MHxwaG90by1wYWdlfHx8fGVufDB8fHx8fA%3D%3D,"[{'url': 'https://images.unsplash.com/photo-1714332818313-627551693dbc?q=80&w=1000&auto=format&fit=crop&ixlib=rb-4.0.3&ixid=M3wxMjA3fDB8MHxwaG90by1wYWdlfHx8fGVufDB8fHx8fA%3D%3D', 'path': ""['a black and white photo of a single flower']-1b61ae0c43695af88d760d1d8ae568bae41b5e87.jpg"", 'checksum': '1758cad6b24069c33ecada47c6a1e9f7', 'status': 'uptodate'}]","April 28, 2024 (UTC)","Flower images,petal,tulip,Hd wallpapers,editorial,b and w,detail,plant background,biology,Spring images & pictures,portrait,Hd black wallpapers,Hd art wallpapers,fine art,cosmo,plant,mobile,Hd desktop wallpapers,Hq background images,adult,Creative Commons images,People images & pictures,personne,la personne,conceptual,People images & pictures,man,Hd wallpapers,outdoor,Hd grey wallpapers",a black and white photo of a single flower
Content Pixie,no_information,Black & White,https://images.unsplash.com/photo-1714042104644-66d6095c5deb?q=80&w=1000&auto=format&fit=crop&ixlib=rb-4.0.3&ixid=M3wxMjA3fDB8MHxwaG90by1wYWdlfHx8fGVufDB8fHx8fA%3D%3D,"[{'url': 'https://images.unsplash.com/photo-1714042104644-66d6095c5deb?q=80&w=1000&auto=format&fit=crop&ixlib=rb-4.0.3&ixid=M3wxMjA3fDB8MHxwaG90by1wYWdlfHx8fGVufDB8fHx8fA%3D%3D', 'path': ""['a black and white photo of a vase and a plant']-c121bffbfb92fb184f08f74a966e1a7aa6197f88.jpg"", 'checksum': '6ae42b2ac7d36c1d6431fbafc08da655', 'status': 'uptodate'}]","April 25, 2024 (UTC)","Hd grey wallpapers,minimal,decor,greece,santorini island,santorini,pottery,Hd white wallpapers,beverage,drink,milk,plant,HD Wallpapers,natura,all'aperto,sfondo,persona,all'aperto,le persone,Life images & photos,plant,flora",a black and white photo of a vase and a plant
Mike Hindle,"Apple, iPhone 14 Pro Max",Nature,https://images.unsplash.com/photo-1714206866539-7b2db12c39df?q=80&w=1000&auto=format&fit=crop&ixlib=rb-4.0.3&ixid=M3wxMjA3fDB8MHxwaG90by1wYWdlfHx8fGVufDB8fHx8fA%3D%3D,"[{'url': 'https://images.unsplash.com/photo-1714206866539-7b2db12c39df?q=80&w=1000&auto=format&fit=crop&ixlib=rb-4.0.3&ixid=M3wxMjA3fDB8MHxwaG90by1wYWdlfHx8fGVufDB8fHx8fA%3D%3D', 'path': ""['a close up view of a white leaf']-cf9e83a932820d3c51c6a17f63464535d9374e6e.jpg"", 'checksum': 'cffa0ddb3061762c71451c26a059532f', 'status': 'uptodate'}]","April 27, 2024 (UTC)","Nature images,lyme park,uk,disley,stockport,botanical leaf,botanical aesthetic,botanical garden,botanical,mobile wallpaper,Hd wallpapers,Hd iphone wallpapers,fresh,Nature backgrounds,light mode,white aesthetic,leaf up close,leaf texture,Leaf backgrounds,Leaf backgrounds,Free images,line,road,building,path,road,Hd wood wallpapers,Animals images & pictures,mammal,Hd grey wallpapers",a close up view of a white leaf
Benjamin Cheng,no_information,Black & White,https://images.unsplash.com/photo-1714480931553-e78a5a045c8c?q=80&w=1000&auto=format&fit=crop&ixlib=rb-4.0.3&ixid=M3wxMjA3fDB8MHxwaG90by1wYWdlfHx8fGVufDB8fHx8fA%3D%3D,"[{'url': 'https://images.unsplash.com/photo-1714480931553-e78a5a045c8c?q=80&w=1000&auto=format&fit=crop&ixlib=rb-4.0.3&ixid=M3wxMjA3fDB8MHxwaG90by1wYWdlfHx8fGVufDB8fHx8fA%3D%3D', 'path': ""['a couple of tall buildings next to each other']-d2dff9eab0fc735a7d7c119919e63d86a7387551.jpg"", 'checksum': '8d0cce5e129b19bbd4633759eb08f282', 'status': 'uptodate'}]","April 30, 2024 (UTC)","Hd city wallpapers,building,House images,contemporary,Hd modern wallpapers,build,home,case,stair,wall,residence,reflection,Hd sky wallpapers,glass,Hd windows wallpapers,skyscraper,tower,concrete,london,housing,Free images,Hd grey wallpapers,building,Sunset images & pictures,Hd grey wallpapers,building,Hd wallpapers,home,plant,Website backgrounds",a couple of tall buildings next to each other
Benjamin Cheng,no_information,Black & White,https://images.unsplash.com/photo-1714480931547-957c5e48ff1f?q=80&w=1000&auto=format&fit=crop&ixlib=rb-4.0.3&ixid=M3wxMjA3fDB8MHxwaG90by1wYWdlfHx8fGVufDB8fHx8fA%3D%3D,"[{'url': 'https://images.unsplash.com/photo-1714480931547-957c5e48ff1f?q=80&w=1000&auto=format&fit=crop&ixlib=rb-4.0.3&ixid=M3wxMjA3fDB8MHxwaG90by1wYWdlfHx8fGVufDB8fHx8fA%3D%3D', 'path': ""['a black and white photo of a tall building']-b89ac5ef2cf32f51c9c8eaeff89983af35197208.jpg"", 'checksum': 'b2d2765cc4f823aedeed48cbbbd00a8c', 'status': 'uptodate'}]","April 30, 2024 (UTC)","Hd grey wallpapers,Hd city wallpapers,urban,tower,concrete,london,street,geometry,line,architecture,film,office building,town,high rise,handrail,condo,housing,staircase,metropolis,road,Public domain images,home,plant,Website backgrounds,People images & pictures,outdoor,Hd wallpapers,portrait,human,People images & pictures",a black and white photo of a tall building
JC Gellidon,no_information,Film,https://images.unsplash.com/photo-1714646542331-278803db302f?q=80&w=1000&auto=format&fit=crop&ixlib=rb-4.0.3&ixid=M3wxMjA3fDB8MHxwaG90by1wYWdlfHx8fGVufDB8fHx8fA%3D%3D,"[{'url': 'https://images.unsplash.com/photo-1714646542331-278803db302f?q=80&w=1000&auto=format&fit=crop&ixlib=rb-4.0.3&ixid=M3wxMjA3fDB8MHxwaG90by1wYWdlfHx8fGVufDB8fHx8fA%3D%3D', 'path': ""['a black and white photo of a building']-0d58794d25735b944858a640554226b1d08c3c26.jpg"", 'checksum': '28ff08ba35221a02a86c77d56aa6e32b', 'status': 'uptodate'}]","May 2, 2024 (UTC)","film photo,film photography,brutalism,brutalist,3200,ilford,35mm,camera,leica,philippines,architecture,manila,bnw,grain,monochromatic,monochrom,film,Hd white wallpapers,building,construction,Free stock photos,People images & pictures,man,outdoor,Summer images & pictures,People images & pictures,outdoor,Happy birthday images,Cake images,Food images & pictures",a black and white photo of a building
Matthew Jackson,"FUJIFILM, X100V",,https://images.unsplash.com/photo-1680485038236-eee7be40b2e0?q=80&w=1000&auto=format&fit=crop&ixlib=rb-4.0.3&ixid=M3wxMjA3fDB8MHxwaG90by1wYWdlfHx8fGVufDB8fHx8fA%3D%3D,"[{'url': 'https://images.unsplash.com/photo-1680485038236-eee7be40b2e0?q=80&w=1000&auto=format&fit=crop&ixlib=rb-4.0.3&ixid=M3wxMjA3fDB8MHxwaG90by1wYWdlfHx8fGVufDB8fHx8fA%3D%3D', 'path': ""['a black and white photo of a tall building']-a3f963a24d366b70dca270104cb79e1f8c25dc41.jpg"", 'checksum': '5f69673ada0ee84819e4e3a0caa84128', 'status': 'uptodate'}]","April 3, 2023 (UTC)","Hd chicago wallpapers,il,usa,Hd abstract wallpapers,shapes,lines,architecture,Free stock photos,outdoor,Cloud pictures & images,Hd grey wallpapers,Wedding backgrounds,bride,marriage,outdoor,Hd grey wallpapers,Hd wallpapers",a black and white photo of a tall building
