id,title,publication_date,url
1,–ò–≥—Ä–æ–≤–æ–π –Ω–æ—É—Ç–±—É–∫ –∑–∞ 15000 —Ä—É–±–ª–µ–π. –≠—Ç–æ –≤–æ–æ–±—â–µ –∑–∞–∫–æ–Ω–Ω–æ? –¢—è–Ω–µ—Ç –≤—Å—ë!,14 –º–∞—è 2024,https://yandex.ru/video/preview/1302796038982743858?source=main_redirect&text=%D0%B2%D0%B8%D0%B4%D0%B5%D0%BE
2,–ü—Ä–µ–∑–µ–Ω—Ç–∞—Ü–∏—è —Å–µ—Ä–∏–∏ Huawei Pura 70 —Å Wylsacom. –í—ã–∏–≥—Ä—ã–≤–∞–π —Ñ–ª–∞–≥–º–∞–Ω—Å–∫—É—é —Å–µ—Ä–∏—é! –ù–∞—á–∞–ª–æ –≤ 19:00 –ø–æ –ú–°–ö!,13 –º–∞—è 2024,https://yandex.ru/video/preview/3288889910300978609?source=main_redirect&text=%D0%B2%D0%B8%D0%B4%D0%B5%D0%BE
3,"Apple –¥–µ–ª–∞–µ—Ç iPhone 17 Slim, —Ä–∞–∑–æ–±–ª–∞—á–µ–Ω–∏–µ –Ω–æ–≤—ã—Ö iPad –∏ Pixel 8a ‚Äì –ª—É—á—à–∏–π —Å–º–∞—Ä—Ç—Ñ–æ–Ω Google",12 –º–∞—è 2024,https://yandex.ru/video/preview/11849042289544793472?source=main_redirect&text=%D0%B2%D0%B8%D0%B4%D0%B5%D0%BE
4,Nastya and a new police chase with her partner,26 –∞–ø—Ä 2024,https://yandex.ru/video/preview/10568095811980250048?source=main_redirect&text=%D0%B2%D0%B8%D0%B4%D0%B5%D0%BE
5,Nastya and a story about camping rules,10 –º–∞—è 2024,https://yandex.ru/video/preview/10886001032609721063?source=main_redirect&text=%D0%B2%D0%B8%D0%B4%D0%B5%D0%BE
6,–°–∞–º—ã–π –ª–µ–≥–∫–∏–π –Ω–æ—É—Ç–±—É–∫ –ø—Ä–æ—Ç–∏–≤ —á–∏–ø—Å–æ–≤ MateBook X Pro vs. MacBook Air,14 –º–∞—è 2024,https://yandex.ru/video/preview/10936172778761117332?source=main_redirect&text=%D0%B2%D0%B8%D0%B4%D0%B5%D0%BE
7,–ë—ã—Å—Ç—Ä—ã–µ –ª–∞–π—Ñ—Ö–∞–∫–∏ –¥–ª—è macOS,11 –º–∞—è 2024,https://yandex.ru/video/preview/10054969040852117779?source=main_redirect&text=%D0%B2%D0%B8%D0%B4%D0%B5%D0%BE
8,–õ—É–Ω—Ç–∏–∫ | –î–µ–Ω—å –ó–µ–º–ª–∏ üåçüåéüåè –°–±–æ—Ä–Ω–∏–∫ –º—É–ª—å—Ç–∏–∫–æ–≤ –¥–ª—è –¥–µ—Ç–µ–π,20 —è–Ω–≤ 2024,https://yandex.ru/video/preview/18025004207430862665?source=main_redirect&text=%D0%B2%D0%B8%D0%B4%D0%B5%D0%BE
9,–í—Å–µ —á–µ—Ä–µ–∑ *–æ–ø—É (A Difficult Game About Climbing),30 –∞–ø—Ä 2024,https://yandex.ru/video/preview/17550620245314872735?source=main_redirect&text=%D0%B2%D0%B8%D0%B4%D0%B5%D0%BE
10,–õ—É–Ω—Ç–∏–∫ | –ì—Ä—è–∑–Ω—É–ª–∏ | –°–±–æ—Ä–Ω–∏–∫ –º—É–ª—å—Ç–∏–∫–æ–≤ –¥–ª—è –¥–µ—Ç–µ–π,14 –º–∞—è 2024,https://yandex.ru/video/preview/9440872365375449127?source=main_redirect&text=%D0%B2%D0%B8%D0%B4%D0%B5%D0%BE
11,–ú–µ–Ω—è —É–Ω–∏–∂–∞—é—Ç –Ω–∞ –∫–∞–º–µ—Ä—É (Content Warning),19 –∞–ø—Ä 2024,https://yandex.ru/video/preview/4761475944838623457?source=main_redirect&text=%D0%B2%D0%B8%D0%B4%D0%B5%D0%BE
12,–ó–≤–µ—Ä–∏–Ω—ã–π —Å–ø–æ—Ä—Ç (Party Animals),6 –∞–ø—Ä 2024,https://yandex.ru/video/preview/10544541063502969491?source=main_redirect&text=%D0%B2%D0%B8%D0%B4%D0%B5%D0%BE
13,–Ø —Ç–∞–∫ –∏ –Ω–µ —Å—Ç–∞–ª –ø–æ–ª–µ–∑–Ω—ã–º (RoboCop: Rogue City),15 –º–∞—Ä 2024,https://yandex.ru/video/preview/4669430683567639065?source=main_redirect&text=%D0%B2%D0%B8%D0%B4%D0%B5%D0%BE
14,–ó–≤–µ–∑–¥–Ω—ã–π –¢—Ä–µ—à (Helldivers 2),29 –º–∞—Ä 2024,https://yandex.ru/video/preview/15311430943657048166?source=main_redirect&text=%D0%B2%D0%B8%D0%B4%D0%B5%D0%BE
15,–õ—É–Ω—Ç–∏–∫ | –í–æ–∑–≤—Ä–∞—â–µ–Ω–∏–µ –¥–æ–º–æ–π | –¢–∏–∑–µ—Ä-—Ç—Ä–µ–π–ª–µ—Ä,2 –∞–ø—Ä 2024,https://yandex.ru/video/preview/18144455012503330364?source=main_redirect&text=%D0%B2%D0%B8%D0%B4%D0%B5%D0%BE
16,–õ—É–Ω—Ç–∏–∫ | –ü–æ–¥–≤–æ–¥–Ω—ã–π –±–∞–ª–µ—Ç | Shorts,26 –∞–ø—Ä 2024,https://yandex.ru/video/preview/1773559442845761617?source=main_redirect&text=%D0%B2%D0%B8%D0%B4%D0%B5%D0%BE
17,Trending dance by Nastya and Evelyn,17 —Å–µ–Ω 2019,https://yandex.ru/video/preview/12694432862450104564?source=main_redirect&text=%D0%B2%D0%B8%D0%B4%D0%B5%D0%BE
18,"–°—Ç–∞—Ç—å–∏, –Ω–æ–≤–æ—Å—Ç–∏ –∏ –≤–∏–¥–µ–æ –æ—Ç –ø–æ–ø—É–ª—è—Ä–Ω—ã—Ö –±–ª–æ–≥–µ—Ä–æ–≤ –∏ –°–ú–ò | –ë—É–¥—å –≤ —Ç–µ–º–µ ‚Äî –±—É–¥—å –≤ –î–∑–µ–Ω–µ",20 –∞–ø—Ä 2024,https://yandex.ru/video/preview/9019914691484848556?source=main_redirect&text=%D0%B2%D0%B8%D0%B4%D0%B5%D0%BE
19,–ü–æ–ø—Ä–æ–±—É–π –Ω–µ –°–∫–∞–∑–∞—Ç—å –í–ê–£ –ß–µ–ª–ª–µ–Ω–¥–∂ !,12 –¥–µ–∫ 2022,https://yandex.ru/video/preview/15663893307045954749?parent-reqid=&text=%D0%B2%D0%B8%D0%B4%D0%B5%D0%BE
20,–û—Ç –î–µ—Ä–µ–≤–µ–Ω—Å–∫–æ–∏ –¥–æ –ì–æ—Ä–æ–¥—Å–∫–æ–∏ –∑–∞ 100 —á–∞—Å–æ–≤ !,14 —Ñ–µ–≤ 2024,https://yandex.ru/video/preview/16067621028864459931?parent-reqid=&text=%D0%B2%D0%B8%D0%B4%D0%B5%D0%BE
21,–¢–∏–ø—ã –ë—Ä–∞—Ç—å–µ–≤ –∏ –°–µ—Å—Ç–µ—Ä !,12 —Ñ–µ–≤ 2024,https://yandex.ru/video/preview/5821118374554957172?parent-reqid=&text=%D0%B2%D0%B8%D0%B4%D0%B5%D0%BE
22,"–ë–æ–ª—å—à–∞—è, –°—Ä–µ–¥–Ω—è—è –∏–ª–∏ –ú–∞–ª–µ–Ω—å–∫–∞—è –ü–∞—á–∫–∞ –ß–µ–ª–ª–µ–Ω–¥–∂ !",2 —Ñ–µ–≤ 2024,https://yandex.ru/video/preview/14717036461624673422?parent-reqid=&text=%D0%B2%D0%B8%D0%B4%D0%B5%D0%BE
23,–≠–∫—Å—Ç—Ä–µ–º–∞–ª—å–Ω—ã–µ –ü—Ä–∞–Ω–∫–∏ –Ω–∞–¥ –î—Ä—É–≥–æ–º –ß–µ–ª–ª–µ–Ω–¥–∂ !,20 —Å–µ–Ω 2023,https://yandex.ru/video/preview/14977067126781471234?parent-reqid=&text=%D0%B2%D0%B8%D0%B4%D0%B5%D0%BE
24,–†–µ–∞–∫—Ü–∏–∏ –Ω–∞ –ì–∞–¥–∂–µ—Ç—ã –ë—É–¥—É—â–µ–≥–æ !,4 –æ–∫—Ç 2023,https://yandex.ru/video/preview/1535519158238889962?parent-reqid=&text=%D0%B2%D0%B8%D0%B4%D0%B5%D0%BE
25,–≠–∫—Å—Ç—Ä–µ–º–∞–ª—å–Ω—ã–µ –ü—Ä—è—Ç–∫–∏ —Å–æ –°–∫–æ—Ç—á–µ–º !,29 —è–Ω–≤ 2024,https://yandex.ru/video/preview/9299568646395507616?parent-reqid=&text=%D0%B2%D0%B8%D0%B4%D0%B5%D0%BE
26,"50 –°–∞–º—ã—Ö –ñ—É—Ç–∫–∏—Ö –ü—Ä–∏–∑—Ä–∞–∫–æ–≤, –°–Ω—è—Ç—ã—Ö –ù–∞ –ö–∞–º–µ—Ä—É | –ú–µ–≥–∞–ø–æ–¥–±–æ—Ä–∫–∞ —á.2",24 –º–∞—Ä 2022,https://yandex.ru/video/preview/5437103087455249423?parent-reqid=&text=%D0%B2%D0%B8%D0%B4%D0%B5%D0%BE
27,130 –°–∞–º—ã—Ö –ü—É–≥–∞—é—â–∏—Ö –í–∏–¥–µ–æ –≤ –ú–∏—Ä–µ | –ú–µ–≥–∞–ø–æ–¥–±–æ—Ä–∫–∞ —á.3,30 –¥–µ–∫ 2021,https://yandex.ru/video/preview/17444947228226774577?parent-reqid=&text=%D0%B2%D0%B8%D0%B4%D0%B5%D0%BE
28,–¢–û–†–¢ –∏–ª–∏ –†–µ–∞–ª—å–Ω—ã–∏ –ü—Ä–µ–¥–º–µ—Ç –ß–µ–ª–ª–µ–Ω–¥–∂ !,31 –∞–≤–≥ 2021,https://yandex.ru/video/preview/16609083944369138148?parent-reqid=&text=%D0%B2%D0%B8%D0%B4%D0%B5%D0%BE
29,–ö—Ç–æ –í—ã–∫–æ–ø–∞–µ—Ç –Ø–ú–£ –ì–ª—É–±–∂–µ –ß–µ–ª–ª–µ–Ω–¥–∂ !,22 –∏—é–ª 2023,https://yandex.ru/video/preview/14493420821556139210?parent-reqid=&text=%D0%B2%D0%B8%D0%B4%D0%B5%D0%BE
30,–°–∞–º—ã–µ –í–µ–∑—É—á–∏–µ –õ–Æ–î–ò –≤ –ú–∏—Ä–µ !,9 —è–Ω–≤ 2023,https://yandex.ru/video/preview/12326459293122225985?parent-reqid=&text=%D0%B2%D0%B8%D0%B4%D0%B5%D0%BE
31,–°–∞–º—ã–µ —Å—Ç—Ä–∞—à–Ω—ã–µ –∏ –∏–Ω—Ç–µ—Ä–µ—Å–Ω—ã–µ –º–µ—Å—Ç–∞ –Ω–∞ –≥—É–≥–ª –∫–∞—Ä—Ç–∞—Ö! *—è –≤ —à–æ–∫–µ,12 —Ñ–µ–≤ 2023,https://yandex.ru/video/preview/3093062130943524783?parent-reqid=&text=%D0%B2%D0%B8%D0%B4%D0%B5%D0%BE
32,–ö—Ç–æ –ü–æ—Å–ª–µ–¥–Ω–∏–π –í—ã–±–µ—Ä–µ—Ç—Å—è –∏–∑ –°–Ω–µ–∂–Ω–æ–≥–æ –ö—Ä—É–≥–∞ –ß–µ–ª–ª–µ–Ω–¥–∂ !,28 –¥–µ–∫ 2022,https://yandex.ru/video/preview/11324608043582069522?parent-reqid=&text=%D0%B2%D0%B8%D0%B4%D0%B5%D0%BE
33,"200 –Ω–µ–≤–µ—Ä–æ—è—Ç–Ω—ã—Ö –º–æ–º–µ–Ω—Ç–æ–≤, —Å–Ω—è—Ç—ã—Ö –Ω–∞ –∫–∞–º–µ—Ä—É. –ª—É—á—à–µ–µ –∑–∞ –º–µ—Å—è—Ü",6 –º–∞—Ä 2022,https://yandex.ru/video/preview/14249171638891911886?parent-reqid=&text=%D0%B2%D0%B8%D0%B4%D0%B5%D0%BE
34,–ü–∞—É–∑–∞ –ß–µ–ª–ª–µ–Ω–¥–∂ –≤ –®–∫–æ–ª–µ !,10 –∞–ø—Ä 2023,https://yandex.ru/video/preview/12255326431515165873?parent-reqid=&text=%D0%B2%D0%B8%D0%B4%D0%B5%D0%BE
35,100 –ª–µ–¥—è–Ω—ã—Ö –∫–Ω–æ–ø–æ–∫ –∏ —Ç–æ–ª—å–∫–æ –æ–¥–Ω–∞ —Ç–µ–±—è —Å–ø–∞—Å–µ—Ç !,1 —Å–µ–Ω 2021,https://yandex.ru/video/preview/4340444721991350672?parent-reqid=&text=%D0%B2%D0%B8%D0%B4%D0%B5%D0%BE
36,–ü–æ–∫—É–ø–∞–µ–º –≤—Å–µ –æ–¥–Ω–æ–≥–æ —Ü–≤–µ—Ç–∞ —á–µ–ª–ª–µ–Ω–¥–∂ !,23 –Ω–æ—è 2022,https://yandex.ru/video/preview/16328245377104685734?parent-reqid=&text=%D0%B2%D0%B8%D0%B4%D0%B5%D0%BE
37,24 –ß–∞—Å–∞ –≤ –ó–æ–æ–ø–∞—Ä–∫–µ –ß–µ–ª–ª–µ–Ω–¥–∂ !,9 –Ω–æ—è 2022,https://yandex.ru/video/preview/398425296752711999?parent-reqid=&text=%D0%B2%D0%B8%D0%B4%D0%B5%D0%BE
38,"50 –ù–µ–≤–µ—Ä–æ—è—Ç–Ω—ã—Ö –£–¥–∞—Ä–æ–≤ –ú–æ–ª–Ω–∏–∏, –°–Ω—è—Ç—ã—Ö –Ω–∞ –ö–∞–º–µ—Ä—É",23 –∞–≤–≥ 2022,https://yandex.ru/video/preview/16671446422776268847?parent-reqid=&text=%D0%B2%D0%B8%D0%B4%D0%B5%D0%BE
39,–ú–æ–π —Å—Ç–∞—Ä—ã–π –∫–∞–Ω–∞–ª?!,8 –∏—é–Ω 2015,https://yandex.ru/video/preview/16638869455027629779?parent-reqid=&text=%D0%B2%D0%B8%D0%B4%D0%B5%D0%BE
40,24 –ß–∞—Å–∞ –≤ –õ–∞–º–±–µ –ß–µ–ª–ª–µ–Ω–¥–∂ !,21 –∏—é–ª 2021,https://yandex.ru/video/preview/2722781574488877580?parent-reqid=&text=%D0%B2%D0%B8%D0%B4%D0%B5%D0%BE
41,–ß—Ç–æ –≤ –Ω–∞—à–∏—Ö —á–µ–º–æ–¥–∞–Ω–∞—Ö?,5 –∞–ø—Ä 2024,https://yandex.ru/video/preview/16652107443048340179?parent-reqid=&text=%D0%B2%D0%B8%D0%B4%D0%B5%D0%BE
42,–¢–ò–ü–´ –ë–ª–æ–≥–µ—Ä–æ–≤ !,20 —Ñ–µ–≤ 2023,https://yandex.ru/video/preview/12000975283035523242?parent-reqid=&text=%D0%B2%D0%B8%D0%B4%D0%B5%D0%BE
43,–ú–ê–ú–ê vs –ü–ê–ü–ê !,28 —Å–µ–Ω 2022,https://yandex.ru/video/preview/14427619617738717586?parent-reqid=&text=%D0%B2%D0%B8%D0%B4%D0%B5%D0%BE
44,–ö–æ–ø–∏—Ä—É—é –ú–æ–µ–≥–æ –õ—É—á—à–µ–≥–æ –î—Ä—É–≥–∞ 24 –ß–ê–°–ê !,24 –º–∞—è 2021,https://yandex.ru/video/preview/11901586608820352703?parent-reqid=&text=%D0%B2%D0%B8%D0%B4%D0%B5%D0%BE
45,100 –≤–∏–¥–æ–≤ –ï–î–´ –∑–∞ 24 –ß–∞—Å–∞ !,26 –∏—é–ª 2023,https://yandex.ru/video/preview/16308100250944960785?parent-reqid=&text=%D0%B2%D0%B8%D0%B4%D0%B5%D0%BE
46,–ü–æ–ø—Ä–æ–±—É–π –ù–ï –ó–∞—Å–º–µ—è—Ç—å—Å—è –ß–µ–ª–ª–µ–Ω–¥–∂ !,21 –∞–≤–≥ 2023,https://yandex.ru/video/preview/1883558817745663517?parent-reqid=&text=%D0%B2%D0%B8%D0%B4%D0%B5%D0%BE
47,–õ—É—á—à–∏–µ –ú–æ–º–µ–Ω—Ç—ã –∏–∑ –†–æ–ª–∏–∫–æ–≤ –ê4 !,4 –º–∞—è 2022,https://yandex.ru/video/preview/10880167413187552925?parent-reqid=&text=%D0%B2%D0%B8%D0%B4%D0%B5%D0%BE
48,–£–∫—Ä–∞–ª–∏ –°–∞–º—É—é –î–æ—Ä–æ–≥—É—é –ö–∞—Ä—Ç–∏–Ω—É ! *–ò–¥–µ–∞–ª—å–Ω–æ–µ –û–≥—Ä–∞–±–ª–µ–Ω–∏–µ,24 –∏—é–Ω 2023,https://yandex.ru/video/preview/14526561705165329683?parent-reqid=&text=%D0%B2%D0%B8%D0%B4%D0%B5%D0%BE
49,–ë—ã–≤—à–∏–µ –ú–∞—Ä–∫–∞ ! *–°—É–º–∞—Å—à–µ–¥—à–∏–µ –ë–ª–∏–∑–Ω—è—à–∫–∏,7 —Ñ–µ–≤ 2024,https://yandex.ru/video/preview/8225409441065971747?parent-reqid=&text=%D0%B2%D0%B8%D0%B4%D0%B5%D0%BE
50,–ú–æ–π –¥–µ–Ω—å –ø–æ—Å–ª–µ —à–∫–æ–ª—ã,18 –¥–µ–∫ 2023,https://yandex.ru/video/preview/14299094799513274386?parent-reqid=&text=%D0%B2%D0%B8%D0%B4%D0%B5%D0%BE
51,–°–ª–µ–¥–∏–º –∑–∞ –∫–æ–±—è–∫–æ–≤—ã–º ! *–º—ã –Ω–∞—à–ª–∏ –≤–ª–∞–¥–∞ –ê4,27 –Ω–æ—è 2021,https://yandex.ru/video/preview/17407252098298046126?parent-reqid=&text=%D0%B2%D0%B8%D0%B4%D0%B5%D0%BE
52,–ü—Ä–æ–±—É–µ–º –õ—é–±–∏–º—É—é –ï–î–£ –ö–æ–º–∞–Ω–¥—ã –ê4 !,13 –∏—é–ª 2022,https://yandex.ru/video/preview/11713969540988217913?parent-reqid=&text=%D0%B2%D0%B8%D0%B4%D0%B5%D0%BE
53,–ù–∞—Å –ó–∞–ø–µ—Ä–ª–∏ –≤ –û–≥—Ä–æ–º–Ω–æ–º –®–ê–†–ï...,1 –º–∞—Ä 2021,https://yandex.ru/video/preview/17355249982163103896?parent-reqid=&text=%D0%B2%D0%B8%D0%B4%D0%B5%D0%BE
54,–ü—Ä–æ–±—É–µ–º —Å–∞–º—É—é –¥–æ—Ä–æ–≥—É—é –µ–¥—É –≤ –º–∏—Ä–µ —á–µ–ª–ª–µ–Ω–¥–∂ !,3 –¥–µ–∫ 2021,https://yandex.ru/video/preview/11687215141014286578?parent-reqid=&text=%D0%B2%D0%B8%D0%B4%D0%B5%D0%BE
55,100 –ß–∞—Å–æ–≤ —Å –ü–∞–ø–æ–∏ –°–∞–º–æ–≥–æ –°–∏–ª—å–Ω–æ–≥–æ –ß–µ–ª–æ–≤–µ–∫–∞ –≤ –ú–∏—Ä–µ!,3 —Ñ–µ–≤ 2024,https://yandex.ru/video/preview/15327773302218322900?parent-reqid=&text=%D0%B2%D0%B8%D0%B4%D0%B5%D0%BE
56,–°—Ç–∞–ª–∏ –°—É–ø–µ—Ä–∑–ª–æ–¥–µ—è–º–∏ –Ω–∞ 24 –ß–∞—Å–∞ !,21 –¥–µ–∫ 2021,https://yandex.ru/video/preview/15351009791401709407?parent-reqid=&text=%D0%B2%D0%B8%D0%B4%D0%B5%D0%BE
57,–ü–æ–±–µ–≥ –∏–∑ –ù–µ–ø—Ä–æ–±–∏–≤–∞–µ–º–æ–π –ë–∞—à–Ω–∏ –ß–µ–ª–ª–µ–Ω–¥–∂ !,19 —è–Ω–≤ 2024,https://yandex.ru/video/preview/10422820849154070966?parent-reqid=&text=%D0%B2%D0%B8%D0%B4%D0%B5%D0%BE
58,–°–ª–µ–¥–∏–º –∑–∞ –ú–∞–∫—Å–æ–º / –¢–∞–∫–∏ –ø–æ–¥—Å—Ç—Ä–∏–≥—Å—è,30 —Å–µ–Ω 2023,https://yandex.ru/video/preview/10434237256664206886?parent-reqid=&text=%D0%B2%D0%B8%D0%B4%D0%B5%D0%BE
59,–í–µ—Ä–Ω—É–ª–∏—Å—å –≤ –®–∫–æ–ª—É –Ω–∞ –û–¥–∏–Ω –î–µ–Ω—å –ß–µ–ª–ª–µ–Ω–¥–∂ !,29 –¥–µ–∫ 2020,https://yandex.ru/video/preview/10050199075034053626?parent-reqid=&text=%D0%B2%D0%B8%D0%B4%D0%B5%D0%BE
60,–≠–∫—Å—Ç—Ä–µ–º–∞–ª—å–Ω—ã–∏ –£ –¢–ï–ë–Ø –ï–°–¢–¨ 7 –°–µ–∫—É–Ω–¥ –ß—Ç–æ–±—ã –°–¥–µ–ª–∞—Ç—å –ß–µ–ª–ª–µ–Ω–¥–∂ !,26 –¥–µ–∫ 2021,https://yandex.ru/video/preview/7829856836465489322?parent-reqid=&text=%D0%B2%D0%B8%D0%B4%D0%B5%D0%BE
61,100 —Å–ª–æ–µ–≤ –µ–¥—ã —á–µ–ª–ª–µ–Ω–¥–∂ !,6 –º–∞—Ä 2021,https://yandex.ru/video/preview/11694857258205955799?parent-reqid=&text=%D0%B2%D0%B8%D0%B4%D0%B5%D0%BE
62,24 –ß–∞—Å–∞ –≤ –î–û–ú–ï –ù–ê –ö–æ–ª–µ—Å–∞—Ö –ß–µ–ª–ª–µ–Ω–¥–∂ !,23 –æ–∫—Ç 2021,https://yandex.ru/video/preview/1077332990450827218?parent-reqid=&text=%D0%B2%D0%B8%D0%B4%D0%B5%D0%BE
63,24 –ß–ê–°–ê –ì–æ–≤–æ—Ä—é –î–ê –ú–ª–∞–¥—à–µ–º—É –ë—Ä–∞—Ç—É ! *–ß–∞—Å—Ç—å 2,16 –∞–≤–≥ 2021,https://yandex.ru/video/preview/12252485164425555262?parent-reqid=&text=%D0%B2%D0%B8%D0%B4%D0%B5%D0%BE
64,–ö–∞–∫–æ–π –†–µ–±—ë–Ω–æ–∫ —É–¥–∞—Ä–∏—Ç –°–∏–ª—å–Ω–µ–µ –ß–µ–ª–ª–µ–Ω–¥–∂!,20 –Ω–æ—è 2020,https://yandex.ru/video/preview/16914605828935089347?parent-reqid=&text=%D0%B2%D0%B8%D0%B4%D0%B5%D0%BE
65,16 –°–ø–æ—Å–æ–±–æ–≤ –°–ø—Ä—è—Ç–∞—Ç—å –î–µ–Ω—å–≥–∏ –î–æ–º–∞ !,27 –º–∞—Ä 2024,https://yandex.ru/video/preview/15966330148491750023?parent-reqid=&text=%D0%B2%D0%B8%D0%B4%D0%B5%D0%BE
66,–ö–∞—Ä—Ç—É–Ω –ö–≠–¢ –≤ –†–µ–∞–ª—å–Ω–æ–π –∂–∏–∑–Ω–∏! *SCP –§–æ–Ω–¥ –°—É—â–µ—Å—Ç–≤—É–µ—Ç,5 –∏—é–Ω 2021,https://yandex.ru/video/preview/13948437039297112994?parent-reqid=&text=%D0%B2%D0%B8%D0%B4%D0%B5%D0%BE
67,"–ù–∞ –°–∫—Ä—ã—Ç—É—é –ö–∞–º–µ—Ä—É –ü–æ–ø–∞–ª–æ –¢–æ, –ß—Ç–æ –ù–∏–∫—Ç–æ –Ω–µ –î–æ–ª–∂–µ–Ω –ë–´–õ —É–≤–∏–¥–µ—Ç—å!",10 –æ–∫—Ç 2020,https://yandex.ru/video/preview/3920819208289133520?parent-reqid=&text=%D0%B2%D0%B8%D0%B4%D0%B5%D0%BE
68,–Ø —Å–æ–±—Ä–∞–ª –í—Å—é –ö–æ–ª–ª–µ–∫—Ü–∏—é –§–∏—à–µ–∫ –ê4 !,15 –Ω–æ—è 2023,https://yandex.ru/video/preview/5568534876487462263?parent-reqid=&text=%D0%B2%D0%B8%D0%B4%D0%B5%D0%BE
69,–ö–∞–∫ –º–æ–Ω—Ç–∏—Ä–æ–≤–∞—Ç—å –≤–∏–¥–µ–æ???,21 –∞–ø—Ä 2016,https://yandex.ru/video/preview/1348802103920025154?parent-reqid=&text=%D0%B2%D0%B8%D0%B4%D0%B5%D0%BE
70,–û—Ö–æ—Ç–∞ –Ω–∞ –û–∑–µ—Ä–Ω–æ–≥–æ –ú–æ–Ω—Å—Ç—Ä–∞ ! *–ú—ã –ü–æ–∏–º–∞–ª–∏ –ï–≥–æ,14 –∞–≤–≥ 2021,https://yandex.ru/video/preview/14672021974800960758?parent-reqid=&text=%D0%B2%D0%B8%D0%B4%D0%B5%D0%BE
71,–≠–∫—Å—Ç—Ä–µ–º–∞–ª—å–Ω—ã–π –ú–∞–ª—å—á–∏–∫ vs –î–µ–≤–æ—á–∫–∞ 100 –°–ª–æ–µ–≤ –ß–µ–ª–ª–µ–Ω–¥–∂ !,31 –º–∞—è 2020,https://yandex.ru/video/preview/4001190850218746771?parent-reqid=&text=%D0%B2%D0%B8%D0%B4%D0%B5%D0%BE
72,–ü—Ä—è—Ç–∫–∏ –æ—Ç –°–æ–±–∞–∫–∏ –≤ –®–∫–æ–ª–µ !,29 –¥–µ–∫ 2023,https://yandex.ru/video/preview/5936508869614890860?parent-reqid=&text=%D0%B2%D0%B8%D0%B4%D0%B5%D0%BE
73,–û—Ç –ë–æ—Ç–∞–Ω—à–∏ –¥–æ –ö—Ä—É—Ç–æ–π –∑–∞ 24 –ß–∞—Å–∞ –ß–µ–ª–ª–µ–Ω–¥–∂ !,4 —è–Ω–≤ 2023,https://yandex.ru/video/preview/2682308327129602365?parent-reqid=&text=%D0%B2%D0%B8%D0%B4%D0%B5%D0%BE
74,–ö—Ç–æ –ò–∑ –ù–∞—Å –°–∞–º—ã–π –°–º–µ–ª—ã–π ? –ü–∞–ø–∞ –£—Å—Ç—Ä–æ–∏–ª –ß–µ–ª–ª–µ–Ω–¥–∂ –ö–∞–º–∏–ª—é –∏ –ê–º–∏–Ω–∫–µ!,3 –Ω–æ—è 2018,https://yandex.ru/video/preview/12006857688755667784?parent-reqid=&text=%D0%B2%D0%B8%D0%B4%D0%B5%D0%BE
75,100 –ß–∞—Å–æ–≤ –±–µ–∑ –ú–∞–º—ã - –û–¥–Ω–∏ –î–æ–º–∞! @lunomosik,6 –∞–ø—Ä 2024,https://yandex.ru/video/preview/5066453092744988067?parent-reqid=&text=%D0%B2%D0%B8%D0%B4%D0%B5%D0%BE
76,–ú–æ—è –ñ–∏–∑–Ω—å –£–∂–µ –ù–µ –ë—É–¥–µ—Ç –ü—Ä–µ–∂–Ω–µ–π...,14 –º–∞—Ä 2024,https://yandex.ru/video/preview/2417751396101168316?parent-reqid=&text=%D0%B2%D0%B8%D0%B4%D0%B5%D0%BE
77,24 –ß–∞—Å–∞ –≤ –†–æ–±–ª–æ–∫—Å !,26 —Å–µ–Ω 2022,https://yandex.ru/video/preview/10952000880816056000?parent-reqid=&text=%D0%B2%D0%B8%D0%B4%D0%B5%D0%BE
78,–°–∞–º—ã–π —Ö—É–¥—à–∏–π –¥–µ–Ω—å –≤ –∂–∏–∑–Ω–∏ !,25 –∞–ø—Ä 2022,https://yandex.ru/video/preview/7488513425014591817?parent-reqid=&text=%D0%B2%D0%B8%D0%B4%D0%B5%D0%BE
79,11 –∫—Ä—É—Ç—ã—Ö —ç–∫—Å–ø–µ—Ä–∏–º–µ–Ω—Ç–æ–≤ —Å –≤–æ–¥–æ–π!,23 –Ω–æ—è 2015,https://yandex.ru/video/preview/7422095401011229803?parent-reqid=&text=%D0%B2%D0%B8%D0%B4%D0%B5%D0%BE
80,–ï–¥–∏–º –ë—Ä–µ–Ω–¥—ã –ü–û –ê–ª—Ñ–∞–≤–∏—Ç—É –ß–µ–ª–ª–µ–Ω–¥–∂ !,24 –º–∞—Ä 2023,https://yandex.ru/video/preview/17607378724031185565?parent-reqid=&text=%D0%B2%D0%B8%D0%B4%D0%B5%D0%BE
81,"–ö—Ç–æ –ü–æ—Å–ª–µ–¥–Ω–∏–∏ –ó–∞–≥–æ–≤–æ—Ä–∏—Ç –ü–æ–ª—É—á–∏—Ç 10,000$ - –ß–µ–ª–ª–µ–Ω–¥–∂ !",9 —Å–µ–Ω 2020,https://yandex.ru/video/preview/5177213645887590727?parent-reqid=&text=%D0%B2%D0%B8%D0%B4%D0%B5%D0%BE
82,–ó–∞–¥–∞–Ω–∏—è?!.,2 –¥–µ–∫ 2014,https://yandex.ru/video/preview/17698193614472058675?parent-reqid=&text=%D0%B2%D0%B8%D0%B4%D0%B5%D0%BE
83,–ö—Ç–æ –ü–æ—Å–ª–µ–¥–Ω–∏–∏ –ü–æ–∫–∏–Ω–µ—Ç –ë–∞—à–Ω—é –∏–∑ –ë–∞—Ç—É—Ç–æ–≤ –ß–µ–ª–ª–µ–Ω–¥–∂ !,19 –∏—é–ª 2021,https://yandex.ru/video/preview/2721897573128829335?parent-reqid=&text=%D0%B2%D0%B8%D0%B4%D0%B5%D0%BE
84,–ì–ª–µ–Ω—Ç –°—Ç–∞–ª –ó–æ–º–±–∏ ! *–û–ø–∞—Å–Ω—ã–π –≠–∫—Å–ø–µ—Ä–∏–º–µ–Ω—Ç,26 –æ–∫—Ç 2021,https://yandex.ru/video/preview/11287801709833361313?parent-reqid=&text=%D0%B2%D0%B8%D0%B4%D0%B5%D0%BE
85,–ü—Ä–∏–∫–æ–ª—ã —Å –∫–æ—Ç–∞–º–∏! –°–º–µ—à–Ω—ã–µ –ö–û–¢–´ –° –û–∑–≤—É—á–∫–æ–π 2022! –Ø —Ä–∂–∞–ª –¥–æ —Å–ª—ë–∑! - –°–º–µ—à–Ω—ã–µ –æ—Ç –î–æ–º–∏ —à–æ—É,18 –∏—é–Ω 2022,https://yandex.ru/video/preview/10690084610167297696?parent-reqid=&text=%D0%B2%D0%B8%D0%B4%D0%B5%D0%BE
86,–£–ª—å—Ç—Ä–∞ –ë–æ–≥–∞—Ç—ã–π vs –£–ª—å—Ç—Ä–∞ –ë–µ–¥–Ω—ã–π –®–∫–æ–ª—å–Ω–∏–∫ !,3 –º–∞—Ä 2023,https://yandex.ru/video/preview/8982166443107226446?parent-reqid=&text=%D0%B2%D0%B8%D0%B4%D0%B5%D0%BE
87,–ó–∞–∫–æ–Ω—á–∏–ª–∏ –®–∫–æ–ª—É –∑–∞ 24 –ß–∞—Å–∞ –ß–µ–ª–ª–µ–Ω–¥–∂ !,22 –¥–µ–∫ 2022,https://yandex.ru/video/preview/11728708037384308315?parent-reqid=&text=%D0%B2%D0%B8%D0%B4%D0%B5%D0%BE
88,–ù–æ—Ä–≤–µ–≥–∏—è. –ë–æ–≥–∞—Ç–∞—è –∏ –æ—á–µ–Ω—å –∫—Ä–∞—Å–∏–≤–∞—è. –ë–æ–ª—å—à–æ–π –í—ã–ø—É—Å–∫.,16 –Ω–æ—è 2021,https://yandex.ru/video/preview/13692823342747613848?parent-reqid=&text=%D0%B2%D0%B8%D0%B4%D0%B5%D0%BE
89,–ë–æ–≥–∞—Ç–∞—è vs –ë–µ–¥–Ω–∞—è –®–∫–æ–ª–∞ –ß–µ–ª–ª–µ–Ω–¥–∂ !,11 –¥–µ–∫ 2021,https://yandex.ru/video/preview/10254499974650873330?parent-reqid=&text=%D0%B2%D0%B8%D0%B4%D0%B5%D0%BE
90,"–Ø –í—ã–∫–æ–ø–∞–ª 3,000,000 –ë–ª–æ–∫–æ–≤ –∑–∞ 27 –ß–∞—Å–æ–≤ –≤ –ú–∞–π–Ω–∫—Ä–∞—Ñ—Ç",13 —Ñ–µ–≤ 2024,https://yandex.ru/video/preview/17423375044263181060?parent-reqid=&text=%D0%B2%D0%B8%D0%B4%D0%B5%D0%BE
91,–ö–∞—Ç—è –∏ –ú–∞–∫—Å –∏—Ö –ø–æ–¥–∞—Ä–∫–∏ –Ω–∞ –†–æ–∂–¥–µ—Å—Ç–≤–æ,31 –¥–µ–∫ 2018,https://yandex.ru/video/preview/4140070505466601938?parent-reqid=&text=%D0%B2%D0%B8%D0%B4%D0%B5%D0%BE
92,–ü–æ–ø–∞–ª–∏ –≤ –í–æ–ª—à–µ–±–Ω—ã–π –î–µ—Ç—Å–∫–∏–π –°–ê–î ! *–ó–ª–∞—è –ù—è–Ω—è,30 –¥–µ–∫ 2021,https://yandex.ru/video/preview/4690392493866592687?parent-reqid=&text=%D0%B2%D0%B8%D0%B4%D0%B5%D0%BE
93,10 —Å–∞–º—ã—Ö –ø–æ–ø—É–ª—è—Ä–Ω—ã—Ö –≤–∏–¥–µ–æ –Ω–∞ youtube,10 –Ω–æ—è 2017,https://yandex.ru/video/preview/1925851592980922438?parent-reqid=&text=%D0%B2%D0%B8%D0%B4%D0%B5%D0%BE
94,–ó–∞—á–µ–º –∂–µ —Ç–∞–∫ –∂–µ—Å—Ç–æ–∫–æ?!.,5 —è–Ω–≤ 2015,https://yandex.ru/video/preview/782577852046276872?parent-reqid=&text=%D0%B2%D0%B8%D0%B4%D0%B5%D0%BE
95,111 –Ω–µ—Ä–µ–∞–ª—å–Ω—ã—Ö –ø—Ä–∞–Ω–∫–æ–≤ –Ω–∞ 1 –∞–ø—Ä–µ–ª—è / –ø—Ä–∞–Ω–∫–∏ –¥–ª—è —à–∫–æ–ª—ã –∏ –Ω–µ —Ç–æ–ª—å–∫–æ,30 –º–∞—Ä 2017,https://yandex.ru/video/preview/9359071418113783968?parent-reqid=&text=%D0%B2%D0%B8%D0%B4%D0%B5%D0%BE
96,–î–µ–Ω—å –†–æ–∂–¥–µ–Ω–∏—è –ö–∞—Ç–∏,2 —Ñ–µ–≤ 2024,https://yandex.ru/video/preview/16530454938730312502?parent-reqid=&text=%D0%B2%D0%B8%D0%B4%D0%B5%D0%BE
97,–ê–∫—É–Ω–∏–Ω ‚Äì —á—Ç–æ –ø—Ä–æ–∏—Å—Ö–æ–¥–∏—Ç —Å –†–æ—Å—Å–∏–µ–π / What's happening to Russia,4 –º–∞—Ä 2022,https://yandex.ru/video/preview/14887922310829790122?parent-reqid=&text=%D0%B2%D0%B8%D0%B4%D0%B5%D0%BE
98,–ú–µ–≥–∞ –º–∞–π–Ω–∫—Ä–∞—Ñ—Ç –∫–æ–Ω—Ñ–µ—Ç—ã –¥–ª—è –∂–µ–ª–µ–π–Ω–æ–≥–æ –º–µ–¥–≤–µ—è –≤–∞–ª–µ—Ä—ã | minecraft DIY,25 –∞–ø—Ä 2020,https://yandex.ru/video/preview/733848586802817022?parent-reqid=&text=%D0%B2%D0%B8%D0%B4%D0%B5%D0%BE
99,24 –ß–∞—Å–∞ –≤ –ú–∞—à–∏–Ω–µ –ì–µ–ª–∏–∫ –ß–µ–ª–ª–µ–Ω–¥–∂ !,5 –º–∞—è 2021,https://yandex.ru/video/preview/16680705568682563660?parent-reqid=&text=%D0%B2%D0%B8%D0%B4%D0%B5%D0%BE
100,–≠–¥–∏—Å–æ–Ω –≤—Å—Ç—Ä–µ—á–∞–µ—Ç—Å—è —Å –Ω–æ–≤–æ–π –¥–µ–≤—É—à–∫–æ–π!,18 —Ñ–µ–≤ 2024,https://yandex.ru/video/preview/63529747541638351?parent-reqid=&text=%D0%B2%D0%B8%D0%B4%D0%B5%D0%BE
101,6 –õ–∞–π—Ñ—Ö–∞–∫–æ–≤ –î–µ—Ç–µ–π –°–°–°–†,10 –∏—é–ª 2016,https://yandex.ru/video/preview/9880095863220670010?parent-reqid=&text=%D0%B2%D0%B8%D0%B4%D0%B5%D0%BE
102,24 –ß–∞—Å–∞ –°–ª–µ–¥–∏–º –∑–∞ –í–ª–∞–¥–æ–º –ê4! - –ß–µ–ª–ª–µ–Ω–¥–∂,30 –∏—é–Ω 2020,https://yandex.ru/video/preview/7559695149086014075?parent-reqid=&text=%D0%B2%D0%B8%D0%B4%D0%B5%D0%BE
103,–õ–∏–∑—É–Ω(—Å–ª–∞–π–º) –ò –ñ–µ–ª–µ–π–Ω—ã–π –ú–µ–¥–≤–µ–¥—å –í–∞–ª–µ—Ä–∞,13 –º–∞—è 2017,https://yandex.ru/video/preview/13351760697296700457?parent-reqid=&text=%D0%B2%D0%B8%D0%B4%D0%B5%D0%BE
104,10 –ù–æ–≤—ã—Ö –∫–ª–∏–ø–æ–≤ 2022 - –ì–æ—Ä—è—á–∏–µ –º—É–∑—ã–∫–∞–ª—å–Ω—ã–µ –Ω–æ–≤–∏–Ω–∫–∏ #122,4 —Ñ–µ–≤ 2022,https://yandex.ru/video/preview/4359539702333320909?parent-reqid=&text=%D0%B2%D0%B8%D0%B4%D0%B5%D0%BE
105,"–°–≤–µ—Ç–∞ –∏ –ë–æ–≥–¥–∞–Ω –ø–æ–¥–µ–ª–∏–ª–∏ –¥–æ–º –∏ –ú–∞–º–∞ —Ä–∞–∑—ã–≥—Ä–∞–ª–∞ –¥–µ—Ç–µ–π, –î–µ—Ç–∫–∏ –æ—Ç–æ–º—Å—Ç–∏–ª–∏",28 –∞–ø—Ä 2018,https://yandex.ru/video/preview/850502297247995169?parent-reqid=&text=%D0%B2%D0%B8%D0%B4%D0%B5%D0%BE
106,–†–∞–±–æ—Ç–∞–µ–º –≤ –û—Ç–µ–ª–µ 24 –ß–∞—Å–∞ !,26 –æ–∫—Ç 2022,https://yandex.ru/video/preview/5892684060741738630?parent-reqid=&text=%D0%B2%D0%B8%D0%B4%D0%B5%D0%BE
107,–°–∞–º—ã–µ –ù–µ–æ–±—ã—á–Ω—ã–µ –¥–æ—Ä–æ–≥–∏ –º–∏—Ä–∞,2 —Ñ–µ–≤ 2017,https://yandex.ru/video/preview/17099255591447394000?parent-reqid=&text=%D0%B2%D0%B8%D0%B4%D0%B5%D0%BE
108,–ù–æ–≤—ã–µ 24 –∫—Ä—É—Ç—ã–µ –ö–∞–Ω—Ü—Ç–æ–≤–∞—Ä—ã –¥–ª—è –º–µ–¥–≤–µ–¥—è –≤–∞–ª–µ—Ä—ã,8 –º–∞—Ä 2024,https://yandex.ru/video/preview/3280403577733713403?parent-reqid=&text=%D0%B2%D0%B8%D0%B4%D0%B5%D0%BE
109,5 –ì–∏–≥–∞–Ω—Ç—Å–∫–∏—Ö –ú–æ–Ω—Å—Ç—Ä–æ–≤ –°–Ω—è—Ç—ã—Ö –ù–ê –ö–∞–º–µ—Ä—É [–ß–µ—Ä–Ω—ã–π –∫–æ—Ç],25 –º–∞—è 2017,https://yandex.ru/video/preview/6949654711470286685?parent-reqid=&text=%D0%B2%D0%B8%D0%B4%D0%B5%D0%BE
110,–ö—Ç–æ –ü–æ—Å–ª–µ–¥–Ω–∏–π –ü–æ–∫–∏–Ω–µ—Ç –ö—Ä–æ–≤–∞—Ç—å –ß–µ–ª–ª–µ–Ω–¥–∂ !,20 –∞–≤–≥ 2022,https://yandex.ru/video/preview/11159366758613272156?parent-reqid=&text=%D0%B2%D0%B8%D0%B4%D0%B5%D0%BE
111,–ö—Ç–æ –£–±–∏–ª –ß–µ–ª–æ–≤–µ–∫–∞-–ü–∞—É–∫–∞ ?,25 –º–∞—Ä 2024,https://yandex.ru/video/preview/13460025016652278256?parent-reqid=&text=%D0%B2%D0%B8%D0%B4%D0%B5%D0%BE
112,–≠–∫—Å—Ç—Ä–µ–º–∞–ª—å–Ω—ã–π –ü–æ–±–µ–≥ –∏–∑ –ù–µ–ø—Ä–æ–±–∏–≤–∞–µ–º–æ–π –ë–∞—à–Ω–∏ –ß–µ–ª–ª–µ–Ω–¥–∂ !,12 –∞–ø—Ä 2024,https://yandex.ru/video/preview/5443838927865285704?parent-reqid=&text=%D0%B2%D0%B8%D0%B4%D0%B5%D0%BE
113,–ö–∞—Ç—è –∏ –ú–∞–∫—Å –∏–≥—Ä–∞—é—Ç –≤ –ß–µ–ª–ª–µ–Ω–¥–∂ –Ω–∞ —Å–∫–æ—Ä–æ—Å—Ç—å –≤ –ë–∞—Ä—Å–µ–ª–æ–Ω–µ,7 –∏—é–Ω 2018,https://yandex.ru/video/preview/5205228035212291203?parent-reqid=&text=%D0%B2%D0%B8%D0%B4%D0%B5%D0%BE
114,–®–∫–æ–ª–∞ –ë–∞–Ω–¥–∏—Ç–æ–≤ ! –°—Ç–∞–ª–∏ –ë–∞–Ω–¥–∏—Ç–∞–º–∏ –Ω–∞ 24 –ß–∞—Å–∞ –ß–µ–ª–ª–µ–Ω–¥–∂ !,16 —Å–µ–Ω 2023,https://yandex.ru/video/preview/13301291266314794409?parent-reqid=&text=%D0%B2%D0%B8%D0%B4%D0%B5%D0%BE
115,–ú–∞–º–∞ –ø–æ–ø–∞–ª–∞ –≤ —Ç–µ–ª–µ–≤–∏–∑–æ—Ä –∏ –¥–µ—Ç–∏ –Ω–µ –∑–Ω–∞—é—Ç —á—Ç–æ –¥–µ–ª–∞—Ç—å!,30 —è–Ω–≤ 2019,https://yandex.ru/video/preview/9643015076815984264?parent-reqid=&text=%D0%B2%D0%B8%D0%B4%D0%B5%D0%BE
116,–ö—É–ø–∏–ª–∏ –†–æ–±–æ—Ç–∞ –ê4 ! *–í–õ–ê–î –ê4 –≤–µ—Ä–Ω—É–ª—Å—è,22 –¥–µ–∫ 2021,https://yandex.ru/video/preview/14714181678162783017?parent-reqid=&text=%D0%B2%D0%B8%D0%B4%D0%B5%D0%BE
117,20 –Ω–µ–∏–∑–≤–µ—Å—Ç–Ω—ã—Ö —Å—É—â–µ—Å—Ç–≤ —Å–Ω—è—Ç—ã—Ö –Ω–∞ –∫–∞–º–µ—Ä—É,26 –∞–ø—Ä 2017,https://yandex.ru/video/preview/14557903149836290491?parent-reqid=&text=%D0%B2%D0%B8%D0%B4%D0%B5%D0%BE
118,–°—Ç—Ä–∞—à–Ω—ã–π –ë—É–Ω–∫–µ—Ä –≤ –ß–µ—Ä–Ω–æ–±—ã–ª–µ !*–†–µ–∞–ª—å–Ω—ã–µ –ú–æ–Ω—Å—Ç—Ä—ã,23 –∏—é–Ω 2021,https://yandex.ru/video/preview/9284625943279755066?parent-reqid=&text=%D0%B2%D0%B8%D0%B4%D0%B5%D0%BE
119,–í–æ—Ç —ç—Ç–æ –°–Ω–µ–≥–æ–≤–∏–∫ üòÇ –ü–æ–ø—Ä–æ–±—É–π –ù–ï –ó–∞—Å–º–µ—è—Ç—å—Å—è –≤ ShortsüòÇ #shorts,13 –¥–µ–∫ 2023,https://yandex.ru/video/preview/18333333062779070761?parent-reqid=&text=%D0%B2%D0%B8%D0%B4%D0%B5%D0%BE
120,–ü–∞–ø–∞ –∏ –ú–∏–ª–∞–Ω–∞ –ù–ï –û–∂–∏–¥–∞–ª–∏ –¢–æ–∫–æ–≥–æ! –ú–∞–º–∞ –ü—Ä–∏–¥—É–º–∞–ª–∞ –ù–æ–≤—ã–π –ß–µ–ª–ª–µ–Ω–¥–∂! –°–º–µ—à–Ω–æ–µ –æ—Ç Family Box,2 –∏—é–ª 2018,https://yandex.ru/video/preview/6809060142863469775?parent-reqid=&text=%D0%B2%D0%B8%D0%B4%D0%B5%D0%BE
121,–ü—Ä–µ–≤—Ä–∞—Ç–∏–ª–∏ –ö—Ä–æ–≤–∞—Ç—å –≤ –ê–∫–≤–∞—Ä–∏—É–º !,22 –º–∞—Ä 2024,https://yandex.ru/video/preview/1376765984699086994?parent-reqid=&text=%D0%B2%D0%B8%D0%B4%D0%B5%D0%BE
122,–û–¥–Ω–æ–≥–æ –∏–∑ –ù–∞—Å –£–∫—É—Å–∏–ª –ó–æ–º–±–∏ !,7 —Ñ–µ–≤ 2024,https://yandex.ru/video/preview/7421280182318563025?parent-reqid=&text=%D0%B2%D0%B8%D0%B4%D0%B5%D0%BE
123,10 –ù–æ–≤—ã—Ö –∫–ª–∏–ø–æ–≤ 2023 - –ì–æ—Ä—è—á–∏–µ –º—É–∑—ã–∫–∞–ª—å–Ω—ã–µ –Ω–æ–≤–∏–Ω–∫–∏ # 135,3 –º–∞—Ä 2023,https://yandex.ru/video/preview/18135381608706671305?parent-reqid=&text=%D0%B2%D0%B8%D0%B4%D0%B5%D0%BE
124,5 BEST FREE Video Editing Software,19 –º–∞—è 2021,https://yandex.ru/video/preview/17855598015625017908?parent-reqid=&text=%D0%B2%D0%B8%D0%B4%D0%B5%D0%BE
125,–í—ã–±–µ—Ä–∏ –ü—Ä–∞–≤–∏–ª—å–Ω—É—é –ö–æ—Ä–æ–±–∫—É –ß–µ–ª–ª–µ–Ω–¥–∂ !,5 —è–Ω–≤ 2024,https://yandex.ru/video/preview/17971156917445221632?parent-reqid=&text=%D0%B2%D0%B8%D0%B4%D0%B5%D0%BE
126,–°—Ç–∞–ª–∏ –ù—è–Ω—è–º–∏ –¥–ª—è –ñ–∏–≤–æ—Ç–Ω—ã—Ö –Ω–∞ 24 –ß–∞—Å–∞ !,20 –¥–µ–∫ 2021,https://yandex.ru/video/preview/17307967129813468412?parent-reqid=&text=%D0%B2%D0%B8%D0%B4%D0%B5%D0%BE
127,"200 –Ω–µ–≤–µ—Ä–æ—è—Ç–Ω—ã—Ö –≤–µ—â–µ–π, —Å–Ω—è—Ç—ã—Ö –Ω–∞ –∫–∞–º–µ—Ä—É. –ª—É—á—à–µ–µ –∑–∞ 2021 –≥–æ–¥",1 —è–Ω–≤ 2022,https://yandex.ru/video/preview/6084134517664624456?parent-reqid=&text=%D0%B2%D0%B8%D0%B4%D0%B5%D0%BE
128,"85 –ú–∏—Å—Ç–∏—á–µ—Å–∫–∏—Ö –Ø–≤–ª–µ–Ω–∏–π –≤ –ù–µ–±–µ, –°–Ω—è—Ç—ã—Ö –ù–∞ –ö–∞–º–µ—Ä—É",20 –∞–ø—Ä 2020,https://yandex.ru/video/preview/436834554252070831?parent-reqid=&text=%D0%B2%D0%B8%D0%B4%D0%B5%D0%BE
129,–ü–æ–±–µ–≥ –ò–∑ –ö–∞—Ä—Ç–æ–Ω–Ω–æ–∏ –¢—é—Ä—å–º—ã –ß–µ–ª–ª–µ–Ω–¥–∂ !,14 –∏—é–ª 2020,https://yandex.ru/video/preview/13749569965241196309?parent-reqid=&text=%D0%B2%D0%B8%D0%B4%D0%B5%D0%BE
130,"1,000 –ó–∞–¥–∞–Ω–∏–∏ –∑–∞ 24 –ß–ê–°–ê –ß–µ–ª–ª–µ–Ω–¥–∂ !",26 –º–∞—Ä 2021,https://yandex.ru/video/preview/5132133007001097064?parent-reqid=&text=%D0%B2%D0%B8%D0%B4%D0%B5%D0%BE
131,The Funniest Pet Videos of 2023! ü§£ | BEST Compilation,26 –Ω–æ—è 2023,https://yandex.ru/video/preview/17578016770004787080?parent-reqid=&text=%D0%B2%D0%B8%D0%B4%D0%B5%D0%BE
132,–°–ª–∞–¥–∫–∏–π vs –°–æ–ª–µ–Ω—ã–π –ë–∞—Å—Å–µ–π–Ω !,25 –Ω–æ—è 2023,https://yandex.ru/video/preview/18031482331165596059?parent-reqid=&text=%D0%B2%D0%B8%D0%B4%D0%B5%D0%BE
133,–ö–æ—Å–º–∏—á–µ—Å–∫–∏–µ –º–∏—Å—Å–∏–∏ –∫–æ—Ç–æ—Ä—ã–µ –ø–æ—Ç—Ä—è—Å–ª–∏ —É—á–µ–Ω—ã—Ö! –°–∞–º—ã–µ –≥–ª—É–±–∏–Ω–Ω—ã–µ —É–≥–æ–ª–∫–∏ –í—Å–µ–ª–µ–Ω–Ω–æ–π (–°–±–æ—Ä–Ω–∏–∫ –∫–æ—Å–º–æ—Å–∞),30 –∏—é–ª 2022,https://yandex.ru/video/preview/3145933041355168034?parent-reqid=&text=%D0%B2%D0%B8%D0%B4%D0%B5%D0%BE
134,10 –ù–æ–≤—ã—Ö –∫–ª–∏–ø–æ–≤ 2023 - –ì–æ—Ä—è—á–∏–µ –º—É–∑—ã–∫–∞–ª—å–Ω—ã–µ –Ω–æ–≤–∏–Ω–∫–∏ # 136,1 –∞–ø—Ä 2023,https://yandex.ru/video/preview/8868590056560086955?parent-reqid=&text=%D0%B2%D0%B8%D0%B4%D0%B5%D0%BE
135,–°–≤–∏—Ç—Å –ß–µ–ª–ª–µ–Ω–¥–∂ –æ—Ç –ö–∞—Ç–∏ –∏ –ú–∞–∫—Å–∞ –¥–µ–≤–æ—á–∫–∏ –ø—Ä–æ—Ç–∏–≤ –º–∞–ª—å—á–∏–∫–æ–≤ –ö–≤–µ—Å—Ç –Ω–∞ –º–∞—à–∏–Ω–∞—Ö Sweets Challenge,13 –º–∞—Ä 2016,https://yandex.ru/video/preview/786808629367416726?parent-reqid=&text=%D0%B2%D0%B8%D0%B4%D0%B5%D0%BE
136,–ò—â—É –ø–æ–ø—É—Ç—á–∏–∫–∞ - –ú–µ–ª–æ–¥—Ä–∞–º–∞ | –§–∏–ª—å–º—ã –∏ —Å–µ—Ä–∏–∞–ª—ã - –†—É—Å—Å–∫–∏–µ –º–µ–ª–æ–¥—Ä–∞–º—ã,10 –∏—é–Ω 2022,https://yandex.ru/video/preview/14432431220236021223?parent-reqid=&text=%D0%B2%D0%B8%D0%B4%D0%B5%D0%BE
137,24 –ß–∞—Å–∞ —Å –ó–∞–∫—Ä—ã—Ç—ã–º–∏ –ì–ª–∞–∑–∞–º–∏ –ß–µ–ª–ª–µ–Ω–¥–∂ !,13 –∞–≤–≥ 2021,https://yandex.ru/video/preview/8858801668156656069?parent-reqid=&text=%D0%B2%D0%B8%D0%B4%D0%B5%D0%BE
138,–ï–¥–∏–º –ø–æ –∞–ª—Ñ–∞–≤–∏—Ç—É —á–µ–ª–ª–µ–Ω–¥–∂ !,29 –Ω–æ—è 2019,https://yandex.ru/video/preview/14089234937804299528?parent-reqid=&text=%D0%B2%D0%B8%D0%B4%D0%B5%D0%BE
139,–¢–µ—Ä–∞–∫—Ç –≤ ¬´–ö—Ä–æ–∫—É—Å–µ¬ª. –ö–∞–∫ —Å–ø–∞—Å–∞–ª–∏—Å—å –ª—é–¥–∏ –∏ –∫–∞–∫ –ª–æ–≤–∏–ª–∏ –ø—Ä–µ—Å—Ç—É–ø–Ω–∏–∫–æ–≤,24 –º–∞—Ä 2024,https://yandex.ru/video/preview/12275571888598821013?parent-reqid=&text=%D0%B2%D0%B8%D0%B4%D0%B5%D0%BE
140,"Face Your Biggest Fear To Win $800,000",10 —Ñ–µ–≤ 2024,https://yandex.ru/video/preview/4989412826424614264?parent-reqid=&text=%D0%B2%D0%B8%D0%B4%D0%B5%D0%BE
141,–°—Ç–∞–ª–∏ –°–º–µ—à–∞—Ä–∏–∫–∞–º–∏ !,12 –æ–∫—Ç 2022,https://yandex.ru/video/preview/11654113509833817536?parent-reqid=&text=%D0%B2%D0%B8%D0%B4%D0%B5%D0%BE
142,"–ö–∞–∫—É—é –ö–æ–º–Ω–∞—Ç—É –¢–´ –í—ã–±–µ—Ä–µ—à—å, –ß—Ç–æ–±—ã –í—ã–∂–∏—Ç—å ? (–∏–Ω—Ç–µ—Ä–µ—Å–Ω–æ–µ –≤–∏–¥–µ–æ)",19 –∞–ø—Ä 2019,https://yandex.ru/video/preview/16545949754110511034?parent-reqid=&text=%D0%B2%D0%B8%D0%B4%D0%B5%D0%BE
143,"–ù–∞ –ö–∞–º–µ—Ä—É –°–Ω—è–ª–∏ –¢–∞–∫–æ–µ, –ß—Ç–æ –ù–∏–∫—Ç–æ –Ω–µ –î–æ–ª–∂–µ–Ω –ë—ã–ª –£–≤–∏–¥–µ—Ç—å! –¢–æ–ø 10",21 –æ–∫—Ç 2019,https://yandex.ru/video/preview/3863521587283681855?parent-reqid=&text=%D0%B2%D0%B8%D0%B4%D0%B5%D0%BE
144,"–ö–∞–∫ —Å—Ç–∞—Ç—å Pomni? –≠–∫—Å—Ç—Ä–µ–º–∞–ª—å–Ω–æ–µ –ø—Ä–µ–æ–±—Ä–∞–∂–µ–Ω–∏–µ —á–µ–ª–ª–µ–Ω–¥–∂! –ò–∑ –£—ç–Ω—Å–¥–µ–π, –ë–∞—Ä–±–∏ –∏ –†—É—Å–∞–ª–∫–∏ –≤ –ü–æ–º–Ω–∏!",25 –º–∞—Ä 2024,https://yandex.ru/video/preview/12975946452564369810?parent-reqid=&text=%D0%B2%D0%B8%D0%B4%D0%B5%D0%BE
145,"$1 vs $250,000,000 Private Island!",27 —è–Ω–≤ 2024,https://yandex.ru/video/preview/1190727966346659158?parent-reqid=&text=%D0%B2%D0%B8%D0%B4%D0%B5%D0%BE
146,5 –°–∞–º—ã—Ö –ü–æ–ø—É–ª—è—Ä–Ω—ã—Ö –í–∏–¥–µ–æ YouTube,4 –Ω–æ—è 2016,https://yandex.ru/video/preview/5055347667435749556?parent-reqid=&text=%D0%B2%D0%B8%D0%B4%D0%B5%D0%BE
147,120 –°–∞–º—ã—Ö –ü—É–≥–∞—é—â–∏—Ö –í–∏–¥–µ–æ –≤ –ú–∏—Ä–µ | –ú–µ–≥–∞–ø–æ–¥–±–æ—Ä–∫–∞ —á.2,16 —è–Ω–≤ 2021,https://yandex.ru/video/preview/12102567417955812364?parent-reqid=&text=%D0%B2%D0%B8%D0%B4%D0%B5%D0%BE
148,17 –∫—Ä—É—Ç—ã—Ö –ø–æ–¥–∞—Ä–∫–æ–≤ –æ—Ç –º–µ–¥–≤–µ–¥—è –≤–∞–ª–µ—Ä—ã –≤ –¥–µ–Ω—å –ø–∞—à–∏,5 –∞–≤–≥ 2023,https://yandex.ru/video/preview/3893832105587850776?parent-reqid=&text=%D0%B2%D0%B8%D0%B4%D0%B5%D0%BE
149,24 –ß–∞—Å–∞ –≤ –°–∞–º–æ–π –°—Ç—Ä–∞—à–Ω–æ–π –®–∫–æ–ª–µ !,8 –Ω–æ—è 2023,https://yandex.ru/video/preview/2215295777261102767?parent-reqid=&text=%D0%B2%D0%B8%D0%B4%D0%B5%D0%BE
150,"–£–≥–∞–¥–∞–π –ù–∞—Å—Ç–æ—è—â–µ–≥–æ –î–æ–ª–ª–∞—Ä–æ–≤–æ–≥–æ –ú–∏–ª–ª–∏–æ–Ω–µ—Ä–∞, –Ω–æ –ù–∞–æ–±–æ—Ä–æ—Ç! –í–∑—Ä–æ—Å–ª—ã–µ —É–≥–∞–¥—ã–≤–∞—é—Ç –í–ª–∞–¥–∞ –ö—É–µ—Ä—Ç–æ–≤–∞",28 –º–∞—Ä 2024,https://yandex.ru/video/preview/800799214976646528?parent-reqid=&text=%D0%B2%D0%B8%D0%B4%D0%B5%D0%BE
151,24 –ß–∞—Å–∞ –≤ –°–∞–º–æ–π –°—Ç—Ä–∞—à–Ω–æ–π –®–∫–æ–ª–µ !,8 –Ω–æ—è 2023,https://yandex.ru/video/preview/2215295777261102767?parent-reqid=&text=%D0%B2%D0%B8%D0%B4%D0%B5%D0%BE
152,"–£–≥–∞–¥–∞–π –ù–∞—Å—Ç–æ—è—â–µ–≥–æ –î–æ–ª–ª–∞—Ä–æ–≤–æ–≥–æ –ú–∏–ª–ª–∏–æ–Ω–µ—Ä–∞, –Ω–æ –ù–∞–æ–±–æ—Ä–æ—Ç! –í–∑—Ä–æ—Å–ª—ã–µ —É–≥–∞–¥—ã–≤–∞—é—Ç –í–ª–∞–¥–∞ –ö—É–µ—Ä—Ç–æ–≤–∞",28 –º–∞—Ä 2024,https://yandex.ru/video/preview/800799214976646528?parent-reqid=&text=%D0%B2%D0%B8%D0%B4%D0%B5%D0%BE
153,20 –ë–µ–∑—É–º–Ω—ã—Ö –§–∞–∫—Ç–æ–≤ –æ –Ø–ø–æ–Ω–∏–∏,26 –¥–µ–∫ 2016,https://yandex.ru/video/preview/7069102150585121846?parent-reqid=&text=%D0%B2%D0%B8%D0%B4%D0%B5%D0%BE
154,–ü–µ—Ä–≤–æ–µ –≤ –º–∏—Ä–µ –≤–∏–¥–µ–æ –±–µ–∑ —Å–æ–∑–Ω–∞–Ω–∏—è,1 –∞–≤–≥ 2021,https://yandex.ru/video/preview/1973004262487483213?parent-reqid=&text=%D0%B2%D0%B8%D0%B4%D0%B5%D0%BE
155,–ì–æ—Ä—è—á–∏–π vs –•–æ–ª–æ–¥–Ω—ã–π –ë–∞—Å—Å–µ–π–Ω –ß–µ–ª–ª–µ–Ω–¥–∂ !,10 –æ–∫—Ç 2020,https://yandex.ru/video/preview/15040281044601261346?parent-reqid=&text=%D0%B2%D0%B8%D0%B4%D0%B5%D0%BE
156,24 –ß–∞—Å–∞ –≤ –î–µ—Ä–µ–≤–Ω–µ –ß–µ–ª–ª–µ–Ω–¥–∂ !,24 –∏—é–Ω 2020,https://yandex.ru/video/preview/9527091783550054626?parent-reqid=&text=%D0%B2%D0%B8%D0%B4%D0%B5%D0%BE
157,"–ö–∞–∫ –≤—ã–±—Ä–∞—Ç—å—Å—è –∏–∑ –≥–ª—É–±–æ—á–∞–π—à–µ–π —è–º—ã, –Ω–µ –∏–º–µ—è –Ω–∏—á–µ–≥–æ –ø–æ–¥ —Ä—É–∫–æ–π!",3 –∏—é–ª 2019,https://yandex.ru/video/preview/17232555734466222213?parent-reqid=&text=%D0%B2%D0%B8%D0%B4%D0%B5%D0%BE
158,"1,000 –ó–∞–¥–∞–Ω–∏–π –∑–∞ 24 –ß–ê–°–ê –ß–µ–ª–ª–µ–Ω–¥–∂ ! * * 3 –ß–∞—Å—Ç—å",17 —Ñ–µ–≤ 2024,https://yandex.ru/video/preview/2164549884983884082?parent-reqid=&text=%D0%B2%D0%B8%D0%B4%D0%B5%D0%BE
159,–ü–æ—Å—Ç—Ä–æ–∏–ª–∏ –ì–∏–≥–∞–Ω—Ç—Å–∫–∏–π –ö–∞—Ä—Ç–æ–Ω–Ω—ã–π –õ–∞–±–∏—Ä–∏–Ω—Ç !,22 –∞–ø—Ä 2024,https://yandex.ru/video/preview/220129313243172669?parent-reqid=&text=%D0%B2%D0%B8%D0%B4%D0%B5%D0%BE
160,–ú–æ–π –∫–æ—Ç –ø—ã—Ç–∞–µ—Ç—Å—è –º–µ–Ω—è —É–±–∏—Ç—å o_o,14 —Å–µ–Ω 2014,https://yandex.ru/video/preview/13124486615458405065?parent-reqid=&text=%D0%B2%D0%B8%D0%B4%D0%B5%D0%BE
161,–ë–∞–±–∫–∞ –ì—Ä—ç–Ω–Ω–∏ –≤ –†–µ–∞–ª—å–Ω–æ–∏ –ñ–∏–∑–Ω–∏ !,24 –∏—é–ª 2021,https://yandex.ru/video/preview/13556897070786782971?parent-reqid=&text=%D0%B2%D0%B8%D0%B4%D0%B5%D0%BE
162,–•–ê–ì–ò –í–ê–ì–ò –≤ –†–µ–∞–ª—å–Ω–æ–π –ñ–∏–∑–Ω–∏ ! *–ü–æ–ø–ø–∏ –ü–ª–µ–π—Ç–∞–π–º,22 –Ω–æ—è 2021,https://yandex.ru/video/preview/4339913977968661105?parent-reqid=&text=%D0%B2%D0%B8%D0%B4%D0%B5%D0%BE
163,–ö—Ç–æ –ü–æ—Å–ª–µ–¥–Ω–∏–π –∏–∑ –ü–µ—Å–∫–∞ –ß–µ–ª–ª–µ–Ω–¥–∂ !,18 –æ–∫—Ç 2023,https://yandex.ru/video/preview/1062320684159433309?parent-reqid=&text=%D0%B2%D0%B8%D0%B4%D0%B5%D0%BE
164,–õ–µ–Ω–∏–Ω–≥—Ä–∞–¥ ‚Äî –°—É–º–∫–∞,16 –∏—é–Ω 2013,https://yandex.ru/video/preview/5504645075510536833?parent-reqid=&text=%D0%B2%D0%B8%D0%B4%D0%B5%D0%BE
165,–ù–æ—á—å –≤ –ù–∞–¥—É–≤–Ω–æ–º –ü–∞—Ä–∫–µ –ß–µ–ª–ª–µ–Ω–¥–∂ !,18 –º–∞—Ä 2023,https://yandex.ru/video/preview/4250369121662624723?parent-reqid=&text=%D0%B2%D0%B8%D0%B4%D0%B5%D0%BE
166,[1 HOUR] TRY NOT TO Laugh - Funny Videos Compilation | Best of The Month (August 2018),31 –∞–≤–≥ 2018,https://yandex.ru/video/preview/15536272913747497407?parent-reqid=&text=%D0%B2%D0%B8%D0%B4%D0%B5%D0%BE
167,–õ—É—á—à–∞—è –ö–∞–º–µ—Ä–∞ –¥–ª—è –Æ—Ç—É–±–∞ –∏ –í–ª–æ–≥–æ–≤ / –°—Ä–∞–≤–Ω–µ–Ω–∏–µ 8 –∫–∞–º–µ—Ä,28 –∏—é–Ω 2016,https://yandex.ru/video/preview/11876725421027705883?parent-reqid=&text=%D0%B2%D0%B8%D0%B4%D0%B5%D0%BE
168,–ë–∏–≥—Ñ—É—Ç –°—É—â–µ—Å—Ç–≤—É–µ—Ç,8 —Ñ–µ–≤ 2017,https://yandex.ru/video/preview/17710905570345379691?parent-reqid=&text=%D0%B2%D0%B8%D0%B4%D0%B5%D0%BE
169,–ü–æ—Ä–∂–∞—Ç—å - –°–º–µ—à–Ω—ã–µ –í–∏–¥–µ–æ –ó–ê –ú–µ—Å—è—Ü / –í–µ—Å—ë–ª—ã–µ –í–∞–π–Ω—ã / –Æ–º–æ—Ä 2023,12 –º–∞—Ä 2023,https://yandex.ru/video/preview/4073723752567326027?parent-reqid=&text=%D0%B2%D0%B8%D0%B4%D0%B5%D0%BE
170,–ü–õ–ê–© –ù–µ–≤–∏–¥–∏–º–∫–∞ –≤ –†–µ–∞–ª—å–Ω–æ–π –ñ–∏–∑–Ω–∏ !,12 –Ω–æ—è 2022,https://yandex.ru/video/preview/17903486381227825755?parent-reqid=&text=%D0%B2%D0%B8%D0%B4%D0%B5%D0%BE
171,–ü–æ–¥–≤–æ–¥–Ω–∞—è –ö–∞—Ä—Ç–æ–Ω–Ω–∞—è –ë–ê–ó–ê –ß–µ–ª–ª–µ–Ω–¥–∂ !,3 –æ–∫—Ç 2020,https://yandex.ru/video/preview/13518233759527406085?parent-reqid=&text=%D0%B2%D0%B8%D0%B4%D0%B5%D0%BE
172,–ß—Ç–æ –ó–∞ –°–û–ù –ü—Ä–∏—Å–Ω–∏–ª—Å—è –ú–∏–ª–∞–Ω–µ? –ò –ó–∞—á–µ–º –Ω–∞–º –ì–∏–≥–∞–Ω—Ç—Å–∫–∏–π –°–ª–∞–π–º?? –°–∫–µ—Ç—á –æ—Ç Family Box,4 –∏—é–Ω 2019,https://yandex.ru/video/preview/8007316662120055288?parent-reqid=&text=%D0%B2%D0%B8%D0%B4%D0%B5%D0%BE
173,–ú–∞–π–Ω–∫—Ä–∞—Ñ—Ç –Ω–æ –∂–µ—Å—Ç–∫–∞—è –ø—Ä–∞–≤–¥–∞ –∏–ª–∏ –¥–µ–π—Å—Ç–≤–∏–µ!,28 –º–∞—Ä 2024,https://yandex.ru/video/preview/16255380090429092914?parent-reqid=&text=%D0%B2%D0%B8%D0%B4%D0%B5%D0%BE
174,10 –Ω–µ–≤–µ—Ä–æ—è—Ç–Ω—ã—Ö –º–æ–º–µ–Ω—Ç–æ–≤ —Å–ª—É—á–∞–π–Ω–æ —Å–Ω—è—Ç—ã—Ö –Ω–∞ –∫–∞–º–µ—Ä—É,14 –∞–≤–≥ 2016,https://yandex.ru/video/preview/14365964843702006656?parent-reqid=&text=%D0%B2%D0%B8%D0%B4%D0%B5%D0%BE
175,10 –í—Å–µ–≥–æ —Å–∞–º–æ–≥–æ –±–æ–ª—å—à–æ–≥–æ –≤ –º–∏—Ä–µ,10 –∏—é–Ω 2015,https://yandex.ru/video/preview/6414287893587838817?parent-reqid=&text=%D0%B2%D0%B8%D0%B4%D0%B5%D0%BE
176,24 –ß–∞—Å–∞ –≤ –û–≥—Ä–æ–º–Ω–æ–º –î–µ–ª—å—Ñ–∏–Ω–∞—Ä–∏–∏ –ß–µ–ª–ª–µ–Ω–¥–∂ !,8 –Ω–æ—è 2021,https://yandex.ru/video/preview/5690752717130147825?parent-reqid=&text=%D0%B2%D0%B8%D0%B4%D0%B5%D0%BE
177,24 —á–∞—Å–∞ –ø–æ–¥ –≤–æ–¥–æ–π !,24 –æ–∫—Ç 2018,https://yandex.ru/video/preview/8335423488482293152?parent-reqid=&text=%D0%B2%D0%B8%D0%B4%D0%B5%D0%BE
178,–Ø —Å–¥–µ–ª–∞–ª –º–µ–≥–∞ –ª–µ–≥–æ —Ç–≤–∏–∫—Å –∏ –∂–µ–ª–µ–π–Ω—ã–π –º–µ–¥–≤–µ–¥—å –≤–∞–ª–µ—Ä–∞,12 –º–∞—Ä 2017,https://yandex.ru/video/preview/14268772127084539075?parent-reqid=&text=%D0%B2%D0%B8%D0%B4%D0%B5%D0%BE
179,–ù–∞—à–ª–∏ –°–µ–∫—Ä–µ—Ç–Ω—É—é –ö–æ–º–Ω–∞—Ç—É –≤ –®–∫–æ–ª–µ!,31 —è–Ω–≤ 2024,https://yandex.ru/video/preview/8312496799795406801?parent-reqid=&text=%D0%B2%D0%B8%D0%B4%D0%B5%D0%BE
180,–ù–æ—á—å –≤ –ó–∞–±—Ä–æ—à–µ–Ω–Ω–æ–º –ó–∞–º–∫–µ —Å –ü—Ä–∏–∑—Ä–∞–∫–∞–º–∏ !,30 –∏—é–ª 2021,https://yandex.ru/video/preview/16543671334559206041?parent-reqid=&text=%D0%B2%D0%B8%D0%B4%D0%B5%D0%BE
181,–ú—ã —Å—Ç–∞–ª–∏ –∑–æ–º–±–∏ –≤ —Ä–µ–∞–ª—å–Ω–æ–π –∂–∏–∑–Ω–∏ !!!,6 –º–∞—Ä 2024,https://yandex.ru/video/preview/14977847250878140388?parent-reqid=&text=%D0%B2%D0%B8%D0%B4%D0%B5%D0%BE
182,50 –ù–æ–≤—ã—Ö –õ—É—á—à–∏—Ö –ö–ª–∏–ø–æ–≤ | –ò—é–ª—å 2022 | –°–∞–º—ã–µ –ì–æ—Ä—è—á–∏–µ –í–∏–¥–µ–æ | –ì–ª–∞–≤–Ω—ã–µ –•–∏—Ç—ã –°—Ç—Ä–∞–Ω—ã | –°–±–æ—Ä–Ω–∏–∫ | 12+,6 –∞–≤–≥ 2022,https://yandex.ru/video/preview/18093442773063521100?parent-reqid=&text=%D0%B2%D0%B8%D0%B4%D0%B5%D0%BE
183,–ö–∞—Ä—Ç—É–Ω –î–û–ì –≤ –†–µ–∞–ª—å–Ω–æ–∏ –ñ–∏–∑–Ω–∏ ! *SCP –§–æ–Ω–¥ –°–ü–ê–° –ù–∞—Å,18 —Å–µ–Ω 2021,https://yandex.ru/video/preview/11136988424555856376?parent-reqid=&text=%D0%B2%D0%B8%D0%B4%D0%B5%D0%BE
184,–ó–æ–º–±–∏ –°—Ç–∞–ª–∞ –ù–∞—à–µ–π –ù—è–Ω–µ–π !,21 –æ–∫—Ç 2023,https://yandex.ru/video/preview/2586113871167835705?parent-reqid=&text=%D0%B2%D0%B8%D0%B4%D0%B5%D0%BE
185,–°—Ç—Ä–∞–Ω–Ω—ã–π –ø–æ–¥–∞—Ä–æ–∫ –∏ –∂–µ–ª–µ–π–Ω—ã–π –º–µ–¥–≤–µ–¥—å –≤–∞–ª–µ—Ä–∞ | –Ω–æ–≤—ã–µ –∞–Ω—Ç–∏—Å—Ç—Ä–µ—Å—Å—ã –º–µ–¥–≤–µ–¥—è –≤–∞–ª–µ—Ä—ã,5 –º–∞—è 2018,https://yandex.ru/video/preview/12604031176205027680?parent-reqid=&text=%D0%B2%D0%B8%D0%B4%D0%B5%D0%BE
186,24 –ß–∞—Å–∞ –Ω–∞ –ö—É—Ö–Ω–µ –ß–µ–ª–ª–µ–Ω–¥–∂ –ß—Ç–æ –í –ú–æ–µ–º –•–æ–ª–æ–¥–∏–ª—å–Ω–∏–∫–µ? / –í–∏–∫–∏ –®–æ—É,6 —Å–µ–Ω 2019,https://yandex.ru/video/preview/11325060691053188609?parent-reqid=&text=%D0%B2%D0%B8%D0%B4%D0%B5%D0%BE
187,–ü–∞–ø–∞ –∫—É–ø–∏–ª –ú–∞–∫—Å—É –∏ –ö–∞—Ç–µ –Ω–æ–≤—ã–π –¥–≤—É—Ö—ç—Ç–∞–∂–Ω—ã–π –¥–æ–º–∏–∫,28 –∏—é–Ω 2022,https://yandex.ru/video/preview/853734492669380580?parent-reqid=&text=%D0%B2%D0%B8%D0%B4%D0%B5%D0%BE
188,–ù–£–ë –ó–∞—â–∏—â–∞–µ—Ç –î–µ—Ä–µ–≤–Ω—é –ñ–∏—Ç–µ–ª–µ–π –û–¢ 1000 –ö–ª–æ–Ω–æ–≤ –ö—Ä–∏–ø–µ—Ä –ò –ú—É—Ç–∞–Ω—Ç–∞ –ó–æ–º–±–∏ –í –ú–∞–π–Ω–∫—Ä–∞—Ñ—Ç 6 ! Minecraft –ú—É–ª—å—Ç–∏...,14 –º–∞—è 2017,https://yandex.ru/video/preview/13734089546287277309?parent-reqid=&text=%D0%B2%D0%B8%D0%B4%D0%B5%D0%BE
189,–°—Ç–∞–ª–∏ –ü–æ–¥—Ä–æ—Å—Ç–∫–∞–º–∏ –Ω–∞ 24 –ß–∞—Å–∞ !,6 –∞–≤–≥ 2021,https://yandex.ru/video/preview/15017362700657322901?parent-reqid=&text=%D0%B2%D0%B8%D0%B4%D0%B5%D0%BE
190,4K Video (Ultra HD) Unbelievable Beauty,16 –º–∞—Ä 2019,https://yandex.ru/video/preview/4992570978880353726?parent-reqid=&text=%D0%B2%D0%B8%D0%B4%D0%B5%D0%BE
191,"–í—ã–±–µ—Ä–∏ –ø—Ä–∞–≤–∏–ª—å–Ω—É—é –∫–æ—Ä–æ–±–∫—É, —á—Ç–æ–±—ã –≤—ã–∂–∏—Ç—å!",20 –º–∞—Ä 2019,https://yandex.ru/video/preview/6561592728882523833?parent-reqid=&text=%D0%B2%D0%B8%D0%B4%D0%B5%D0%BE
192,–õ–∞–π—Ñ—Ö–∞–∫–∏ –¥–ª—è –°–∞–º–æ–æ–±–æ—Ä–æ–Ω—ã ! *–®–∫–æ–ª–∞ –°–∞–º–æ–æ–±–æ—Ä–æ–Ω—ã,30 –æ–∫—Ç 2023,https://yandex.ru/video/preview/1208227114770765442?parent-reqid=&text=%D0%B2%D0%B8%D0%B4%D0%B5%D0%BE
193,–ù–æ–≤—ã–µ —Ä—É—Å—Å–∫–∏–µ –∫–ª–∏–ø—ã 2019 —Å–∞–º—ã–µ –Ω–æ–≤—ã–µ –∏ –ø–æ–ø—É–ª—è—Ä–Ω—ã–µ —Ö–∏—Ç—ã,14 –º–∞—Ä 2019,https://yandex.ru/video/preview/1030756099397590395?parent-reqid=&text=%D0%B2%D0%B8%D0%B4%D0%B5%D0%BE
194,"6 –ø–∞—Ä–∞–ª–ª–µ–ª—å–Ω—ã—Ö –º–∏—Ä–æ–≤, —Å–Ω—è—Ç—ã—Ö –Ω–∞ –∫–∞–º–µ—Ä—É",27 –º–∞—Ä 2018,https://yandex.ru/video/preview/17569141040746474970?parent-reqid=&text=%D0%B2%D0%B8%D0%B4%D0%B5%D0%BE
195,24 –ß–∞—Å–∞ –Ω–∞ –†—ã–±–∞–ª–∫–µ –ß–µ–ª–ª–µ–Ω–¥–∂ !,27 –∞–≤–≥ 2022,https://yandex.ru/video/preview/8999173334484866342?parent-reqid=&text=%D0%B2%D0%B8%D0%B4%D0%B5%D0%BE
196,"–õ—É—á—à–∏–µ –í–∏–¥–µ–æ –ö–ª–∏–ø—ã 2021 –≥–æ–¥–∞ | –ù–æ–≤—ã–µ –•–∏—Ç—ã, –ü–æ–ø—É–ª—è—Ä–Ω—ã–µ –ü–µ—Å–Ω–∏ | –í—Å—ë –≤ –æ–¥–Ω–æ–º –±–æ–ª—å—à–æ–º –°–±–æ—Ä–Ω–∏–∫–µ | 12+",31 –º–∞—Ä 2022,https://yandex.ru/video/preview/11401248894473546502?parent-reqid=&text=%D0%B2%D0%B8%D0%B4%D0%B5%D0%BE
197,3D –ú—É–ª—å—Ç–∏–∫–∏ –ø—Ä–æ –º–∞—à–∏–Ω–∫–∏. –ì–æ–Ω–∫–∏ –º–∞—à–∏–Ω–æ–∫: –ú–∞—à–∏–Ω—ã –ª–æ–≤—è—Ç –≥—Ä–∞–±–∏—Ç–µ–ª—è. –ú–∞—à–∏–Ω–∫–∏ –∏ –≥–æ–Ω–∫–∏ - –º—É–ª—å—Ç—Ñ–∏–ª—å–º 3–¥,8 —è–Ω–≤ 2017,https://yandex.ru/video/preview/7548087818179083676?parent-reqid=&text=%D0%B2%D0%B8%D0%B4%D0%B5%D0%BE
198,–ñ–µ–ª–µ–π–Ω—ã–π –º–µ–¥–≤–µ–¥—å –≤–∞–ª–µ—Ä–∞ –∫ –ª–µ—Ç—É –≥–æ—Ç–æ–≤!,10 –∏—é–Ω 2017,https://yandex.ru/video/preview/2182536744452734050?parent-reqid=&text=%D0%B2%D0%B8%D0%B4%D0%B5%D0%BE
199,–£–º–Ω—ã–µ –∫—Ä–∞—Ñ—Ç—ã –¥–ª—è —Ä–æ–¥–∏—Ç–µ–ª–µ–π #Shorts #YouTubeShorts,21 –∞–ø—Ä 2022,https://yandex.ru/video/preview/7221243885125807235?parent-reqid=&text=%D0%B2%D0%B8%D0%B4%D0%B5%D0%BE
200,–ì–æ—Ä—è—á–∏–µ –í–∏–¥–µ–æ –ö–ª–∏–ø—ã –í–ï–ö–ê | –•–∏—Ç—ã –Ω–∞ –í—Å–µ –í—Ä–µ–º–µ–Ω–∞ | –õ—É—á—à–∏–µ –ü–µ—Å–Ω–∏ –õ—é–±–∏–º—ã—Ö –ò—Å–ø–æ–ª–Ω–∏—Ç–µ–ª–µ–π | –°–±–æ—Ä–Ω–∏–∫,2 —Å–µ–Ω 2022,https://yandex.ru/video/preview/1854027351962634641?parent-reqid=&text=%D0%B2%D0%B8%D0%B4%D0%B5%D0%BE
201,–ß–µ–ª–ª–µ–Ω–¥–∂ —à–æ–∫–æ–ª–∞–¥ –∏–ª–∏ –Ω–∞—Å—Ç–æ—è—â–µ–µ?,4 —Ñ–µ–≤ 2020,https://yandex.ru/video/preview/653460408025086005?parent-reqid=&text=%D0%B2%D0%B8%D0%B4%D0%B5%D0%BE
202,Diana and Her Funny Stories - Big Video Compilation,14 –∏—é–Ω 2020,https://yandex.ru/video/preview/11560597427930811573?parent-reqid=&text=%D0%B2%D0%B8%D0%B4%D0%B5%D0%BE
203,–ó–∞—á–µ–º –Ø –ü–æ–¥–Ω—è–ª –°–í–û–ô –î–û–ú –í –ú–∞–π–Ω–∫—Ä–∞—Ñ—Ç | –ö–æ–º–ø–æ—Ç Minecraft,12 –æ–∫—Ç 2022,https://yandex.ru/video/preview/2881881670874825594?parent-reqid=&text=%D0%B2%D0%B8%D0%B4%D0%B5%D0%BE
204,5 –°–ª—É—á–∞–µ–≤ –ö–æ–≥–¥–∞ –ú–µ–≥–∞–ª–æ–¥–æ–Ω–∞ –°–Ω—è–ª–∏ –ù–ê –ö–∞–º–µ—Ä—É [–ß–µ—Ä–Ω—ã–π –∫–æ—Ç],25 —è–Ω–≤ 2017,https://yandex.ru/video/preview/15780497403296558768?parent-reqid=&text=%D0%B2%D0%B8%D0%B4%D0%B5%D0%BE
205,–ù–µ–≤–æ–∑–º–æ–∂–Ω–æ–µ —Å –í–µ—Ä–æ—è—Ç–Ω–æ—Å—Ç—å—é 0.0000001% !,2 –∞–≤–≥ 2023,https://yandex.ru/video/preview/4954634817092479100?parent-reqid=&text=%D0%B2%D0%B8%D0%B4%D0%B5%D0%BE
206,–í–∫—É—Å–Ω—ã–π –∂–µ–ª–µ–π–Ω—ã–π –º–µ–¥–≤–µ–¥—å –≤–∞–ª–µ—Ä–∞,21 –Ω–æ—è 2019,https://yandex.ru/video/preview/11034896473640243156?parent-reqid=&text=%D0%B2%D0%B8%D0%B4%D0%B5%D0%BE
207,–ú–∏–ª–∞–Ω–∞ –§–∏–ª–∏–º–æ–Ω–æ–≤–∞ ‚Äì –ù–ê –†–µ–ø–∏—Ç–µ! [Official Music Video],1 –∏—é–Ω 2020,https://yandex.ru/video/preview/8263905109277577712?parent-reqid=&text=%D0%B2%D0%B8%D0%B4%D0%B5%D0%BE
208,–°—Ç–∞–ª–∏ –ì–Ω–æ–º–∞–º–∏ –Ω–∞ 24 –ß–∞—Å–∞ !,25 —Å–µ–Ω 2023,https://yandex.ru/video/preview/371230730996952507?parent-reqid=&text=%D0%B2%D0%B8%D0%B4%D0%B5%D0%BE
209,–ß—Ç–æ –≤—ã –Ω–µ –∑–Ω–∞–ª–∏ –æ –≥—Ç–∞ 5?,17 –∏—é–Ω 2015,https://yandex.ru/video/preview/5689597352785794143?parent-reqid=&text=%D0%B2%D0%B8%D0%B4%D0%B5%D0%BE
210,–ú–∞–∫—Å –ø—Ä–æ–≤–∏–Ω–∏–ª—Å—è,8 –¥–µ–∫ 2017,https://yandex.ru/video/preview/7396730924226788150?parent-reqid=&text=%D0%B2%D0%B8%D0%B4%D0%B5%D0%BE
211,"–£–≥–∞–¥–∞–π –∏ –Ω–∞—Ä–∏—Å—É–π, —á—Ç–æ–±—ã –æ—Å—Ç–∞—Ç—å—Å—è —Å—É—Ö–∏–º —á–µ–ª–ª–µ–Ω–¥–∂ !",29 –∞–ø—Ä 2020,https://yandex.ru/video/preview/6382026281788102363?parent-reqid=&text=%D0%B2%D0%B8%D0%B4%D0%B5%D0%BE
212,"–†–µ–∫–∏, –æ–∑–µ—Ä–∞ –∏ –æ–∫–µ–∞–Ω—ã | –ù–µ–∏–∑–≤–µ–¥–∞–Ω–Ω–∞—è –ï–≤—Ä–æ–ø–∞ | Discovery Channel",28 –∏—é–Ω 2017,https://yandex.ru/video/preview/7862473358379971622?parent-reqid=&text=%D0%B2%D0%B8%D0%B4%D0%B5%D0%BE
213,–ù—É–± –ø—Ä–æ—Ç–∏–≤ –¥–æ–º –∏–∑ –ª–∞–≤—ã –≤ –º–∞–π–Ω–∫—Ä–∞—Ñ—Ç ! –ª–∞–≤–æ–≤—ã–π –¥–æ–º 100% –∑–∞—â–∏—Ç–∞ ! —Ç—Ä–æ–ª–ª–∏–Ω–≥ –≥—Ä–∏—Ñ–µ—Ä–∞ –≤ minecraft,19 –∞–ø—Ä 2017,https://yandex.ru/video/preview/18419023065639680154?parent-reqid=&text=%D0%B2%D0%B8%D0%B4%D0%B5%D0%BE
214,3D –†—É—á–∫–∞ vs –ë–ª–∏–Ω—ã –ß–µ–ª–ª–µ–Ω–¥–∂ !,6 –º–∞—è 2023,https://yandex.ru/video/preview/11423091120793271323?parent-reqid=&text=%D0%B2%D0%B8%D0%B4%D0%B5%D0%BE
215,"10 –°–∞–º—ã—Ö –°—Ç—Ä–∞—à–Ω—ã—Ö –í–∏–¥–µ–æ, –ö–æ—Ç–æ—Ä—ã–µ –ù–∏–∫—Ç–æ –ù–µ –î–æ–ª–∂–µ–Ω –ë—ã–ª –£–≤–∏–¥–µ—Ç—å",24 –º–∞—Ä 2023,https://yandex.ru/video/preview/10037680377350742629?parent-reqid=&text=%D0%B2%D0%B8%D0%B4%D0%B5%D0%BE
216,"6 –í–µ—â–µ–π, –ö–æ—Ç–æ—Ä—ã–µ –£—á–µ–Ω—ã–µ –ù–µ –ú–æ–≥—É—Ç –û–±—ä—è—Å–Ω–∏—Ç—å",10 –º–∞—Ä 2017,https://yandex.ru/video/preview/7064969256119755386?parent-reqid=&text=%D0%B2%D0%B8%D0%B4%D0%B5%D0%BE
217,–°–∞–º—ã–π —Å–ª–æ–∂–Ω—ã–π –≤—ã–±–æ—Ä —á–µ–ª–ª–µ–Ω–¥–∂ !,27 –∞–ø—Ä 2022,https://yandex.ru/video/preview/18133569367182583053?parent-reqid=&text=%D0%B2%D0%B8%D0%B4%D0%B5%D0%BE
218,–í–ª–∞–¥ –ê4 —Å—Ç–∞–ª —Ä–µ–±–µ–Ω–∫–æ–º !,24 –¥–µ–∫ 2021,https://yandex.ru/video/preview/11840085856353583790?parent-reqid=&text=%D0%B2%D0%B8%D0%B4%D0%B5%D0%BE
219,"–í—ã–±–µ—Ä–∏ –ø—Ä–∞–≤–∏–ª—å–Ω—ã–π –ø—É—Ç—å, —á—Ç–æ–±—ã –≤—ã–∂–∏—Ç—å !",9 –∏—é–ª 2019,https://yandex.ru/video/preview/12965559316648875922?parent-reqid=&text=%D0%B2%D0%B8%D0%B4%D0%B5%D0%BE
220,–õ–µ–Ω–∏–≤—ã–π –ú–∞–∫—Å,27 —è–Ω–≤ 2023,https://yandex.ru/video/preview/2313108793464578816?parent-reqid=&text=%D0%B2%D0%B8%D0%B4%D0%B5%D0%BE
221,–¢–æ–º–∞—Å –∏ –µ–≥–æ –¥—Ä—É–∑—å—è –ñ–µ–ª–µ–π–Ω—ã–µ –±–æ–±—ã –∫–æ–Ω—Ñ–µ—Ç—ã –≤ –ø–∞—Ä–∫–µ –ü–∞—Ä–æ–≤–æ–∑–∏–∫ –¢–æ–º–∞—Å –ú–∞—à–∏–Ω–∫–∏ –í–µ—Ä—Ç–æ–ª–µ—Ç –ë–æ–ª—å—à–æ–µ –º–æ—Ä–æ–∂–µ–Ω–æ–µ,1 –æ–∫—Ç 2016,https://yandex.ru/video/preview/14812444848393251278?parent-reqid=&text=%D0%B2%D0%B8%D0%B4%D0%B5%D0%BE
222,–ö—É–ø–∏–ª–∏ 1000 –õ–æ—Ç–µ—Ä–µ–π–Ω—ã—Ö –ë–∏–ª–µ—Ç–æ–≤ !,27 –∏—é–ª 2022,https://yandex.ru/video/preview/5344813446474774757?parent-reqid=&text=%D0%B2%D0%B8%D0%B4%D0%B5%D0%BE
223,–°—Ç–∞–ª–∏ –í—Ä–∞—á–∞–º–∏ –≤ –ú–ò–†–ï –ú–æ–Ω—Å—Ç—Ä–æ–≤ !,20 –¥–µ–∫ 2023,https://yandex.ru/video/preview/11683766012330997933?parent-reqid=&text=%D0%B2%D0%B8%D0%B4%D0%B5%D0%BE
224,–°–∞–º—ã–µ —É–¥–∏–≤–∏—Ç–µ–ª—å–Ω—ã–µ –∏ –∫—Ä–∞—Å–∏–≤—ã–µ –º–µ—Å—Ç–∞ –Ω–∞ –∑–µ–º–ª–µ - –ò–Ω—Ç–µ—Ä–µ—Å–Ω–æ–µ –≤–∏–¥–µ–æ - –Ω–µ–≤–µ—Ä–æ—è—Ç–Ω—ã–µ –º–µ—Å—Ç–∞ –Ω–∞ –ø–ª–∞–Ω–µ—Ç–µ,4 –º–∞—Ä 2016,https://yandex.ru/video/preview/11871049126559269314?parent-reqid=&text=%D0%B2%D0%B8%D0%B4%D0%B5%D0%BE
225,–ù–∞—Å—Ç–µ–Ω–Ω–∞—è —Ç—Ä–∞—Å—Å–∞ —Ç—Ä–µ–∫ –ì–æ—Ä–∏–ª–ª–∞ –†–∞–∑—Ä—É—à–∏—Ç–µ–ª—å,23 —Ñ–µ–≤ 2016,https://yandex.ru/video/preview/11859842027708584922?parent-reqid=&text=%D0%B2%D0%B8%D0%B4%D0%B5%D0%BE
226,–í–õ–ê–î –ê4 –ü—Ä–æ–ø–∞–ª !,6 –æ–∫—Ç 2021,https://yandex.ru/video/preview/15808274045111859792?parent-reqid=&text=%D0%B2%D0%B8%D0%B4%D0%B5%D0%BE
227,"1 –ú–∏–Ω—É—Ç–∞, 10 –ú–∏–Ω—É—Ç –∏ 1 –ß–ê–° –†–∏—Å—É–µ–º 3D –†—É—á–∫–æ–π !",22 –∞–≤–≥ 2022,https://yandex.ru/video/preview/4828555441668141356?parent-reqid=&text=%D0%B2%D0%B8%D0%B4%D0%B5%D0%BE
228,–ö–∞—Ç—è —Å–æ–∑–¥–∞–ª–∞ –Ω–æ–≤–æ–≥–æ –ø–∏—Ç–æ–º—Ü–∞ –û–ª–µ–Ω—ë–Ω–æ–∫ –ü–∏–Ω–∫–ª –ø–æ–∫—É–ø–∞–µ–º –Ω–∞—Ä—è–¥—ã –∏ –ø–ª–∞—Ç—å—è –ø—Ä–∏–Ω—Ü–µ—Å—Å –ü—Ä–∏–∫–æ–ª—å–Ω—ã–µ –∫–∞–Ω—Ü—Ç–æ–≤–∞—Ä—ã,11 –Ω–æ—è 2016,https://yandex.ru/video/preview/17286984100693838457?parent-reqid=&text=%D0%B2%D0%B8%D0%B4%D0%B5%D0%BE
229,–ö—Ç–æ –ë–æ–ª—å—à–µ –ó–∞—Ä–∞–±–æ—Ç–∞–µ—Ç –î–µ–Ω–µ–≥ –∑–∞ 24 –ß–∞—Å–∞ –ß–µ–ª–ª–µ–Ω–¥–∂ !,17 –∏—é–ª 2021,https://yandex.ru/video/preview/1930170716797775656?parent-reqid=&text=%D0%B2%D0%B8%D0%B4%D0%B5%D0%BE
230,–ö–æ–ª—ã–º–∞ —Ç—Ä–∞—Å—Å–∞ | –î–æ—Ä–æ–≥–∏ –†–æ—Å—Å–∏–∏ | Discovery,28 –Ω–æ—è 2016,https://yandex.ru/video/preview/12199227243009510209?parent-reqid=&text=%D0%B2%D0%B8%D0%B4%D0%B5%D0%BE
231,–û—Ç –ø–µ—Ä–≤–æ–≥–æ –ª–∏—Ü–∞: –®–∫–æ–ª–∞ 2 üò±üò≥ –ì–ª–∞–∑–∞–º–∏ –®–∫–æ–ª—å–Ω–∏–∫–∞ I –í–°–ï –°–µ—Ä–∏–∏ üî• *–°–µ—Ä–∏–∞–ª –ø—Ä–æ –®–∫–æ–ª—å–Ω–∏–∫–æ–≤,26 —è–Ω–≤ 2022,https://yandex.ru/video/preview/15934982987922233356?parent-reqid=&text=%D0%B2%D0%B8%D0%B4%D0%B5%D0%BE
232,Download –¢—Ä–∏ –ö–æ—Ç–∞ | –°–±–æ—Ä–Ω–∏–∫ —Å–µ–º–µ–π–Ω—ã—Ö —Å–µ—Ä–∏–π | –ú—É–ª—å—Ç—Ñ–∏–ª—å–º—ã –¥–ª—è –¥–µ—Ç–µ–π Mp3 (06:25 Min) (8.81 MB) ~ MP3 M...,31 –∞–≤–≥ 2021,https://yandex.ru/video/preview/17642099678356932795?parent-reqid=&text=%D0%B2%D0%B8%D0%B4%D0%B5%D0%BE
233,–ö–∏–Ω–µ—Ç–∏—á–µ—Å–∫–∏–π –ø–µ—Å–æ–∫ –∏ –∂–µ–ª–µ–π–Ω—ã–π –º–µ–¥–≤–µ–¥—å –≤–∞–ª–µ—Ä–∞,6 –∏—é–Ω 2017,https://yandex.ru/video/preview/13998892223421806717?parent-reqid=&text=%D0%B2%D0%B8%D0%B4%D0%B5%D0%BE
234,–ö–∞–∫ –∑–∞—Ä–µ–≥–∏—Å—Ç—Ä–∏—Ä–æ–≤–∞—Ç—å—Å—è –Ω–∞ YouTube (–±—ã—Å—Ç—Ä–æ –∏ –ø—Ä–æ—Å—Ç–æ),31 —è–Ω–≤ 2013,https://yandex.ru/video/preview/17503340915331368130?parent-reqid=&text=%D0%B2%D0%B8%D0%B4%D0%B5%D0%BE
235,10 —Å–∞–º—ã—Ö –Ω–µ–≤–µ—Ä–æ—è—Ç–Ω—ã—Ö –ø–æ—Å–∞–¥–æ–∫ —Å–∞–º–æ–ª–µ—Ç–æ–≤,17 –∞–≤–≥ 2017,https://yandex.ru/video/preview/12647239078666765310?parent-reqid=&text=%D0%B2%D0%B8%D0%B4%D0%B5%D0%BE
236,–•–∞—á—É—Ö–∏ –∏ 14 –ª–µ—Ç–Ω–∏—Ö –∞–Ω—Ç–∏—Å—Ç—Ä–µ—Å—Å–æ–≤ –¥–ª—è –∂–µ–ª–µ–π–Ω–æ–≥–æ –º–µ–¥–≤–µ–¥—è –≤–∞–ª–µ—Ä—ã,24 –∞–≤–≥ 2019,https://yandex.ru/video/preview/1691039385821301393?parent-reqid=&text=%D0%B2%D0%B8%D0%B4%D0%B5%D0%BE
237,–ú—ã –æ—Ç–∫—Ä—ã–ª–∏ –°–∞–º—ã–π –°—Ç—Ä–∞—à–Ω—ã–π –ú–∏—Ñ –≤ –ú–∞–π–Ω–∫—Ä–∞—Ñ—Ç,15 –º–∞—Ä 2024,https://yandex.ru/video/preview/14452949524519031747?parent-reqid=&text=%D0%B2%D0%B8%D0%B4%D0%B5%D0%BE
238,–ö–æ—à–µ—á–∫–∞ –ú—É—Ä–∫–∞ –∏ –ú–∞–∫—Å –µ–¥—É—Ç –≤ –≥–æ—Å—Ç–∏ –í–õ–û–ì –µ–¥–µ–º –≤ –ö–∏–µ–≤ –î–∂–µ–∫–ü–æ—Ç –ß–µ–ª–ª–µ–Ω–¥–∂ –∏ –ü—É—à–∫–∞ - –ü–µ—Ä–¥—É—à–∫–∞ –ú–∏–Ω–∏–æ–Ω—ã,17 –∞–≤–≥ 2016,https://yandex.ru/video/preview/15880720154997744373?parent-reqid=&text=%D0%B2%D0%B8%D0%B4%D0%B5%D0%BE
239,–ù–∞ –≠—Ç–æ –ú–æ–∂–Ω–æ –°–º–æ—Ç—Ä–µ—Ç—å –í–µ—á–Ω–æ! 100 Like a Boss –ú–æ–º–µ–Ω—Ç–æ–≤ –°–Ω—è—Ç—ã—Ö –Ω–∞ –ö–∞–º–µ—Ä—É,28 —Å–µ–Ω 2021,https://yandex.ru/video/preview/14399567537871834739?parent-reqid=&text=%D0%B2%D0%B8%D0%B4%D0%B5%D0%BE
240,–í–õ–û–ì –ó–∞–∫–æ–Ω—á–∏–ª—Å—è –±–µ–Ω–∑–∏–Ω –ø–æ –¥–æ—Ä–æ–≥–µ –≤ –≥–æ—Ä—ã –ú—ã –≤ –ê–ª—å–ø–∞—Ö –≤ –¥–æ–º–µ –¥–ª—è –∫–∞—Ä–ª–∏–∫–æ–≤ –†—É–º –¢—É—Ä –∏ —Å–µ–∫—Ä–µ—Ç–Ω–∞—è –∫–æ–º–Ω–∞—Ç–∞,16 —Ñ–µ–≤ 2017,https://yandex.ru/video/preview/12486672693887624059?parent-reqid=&text=%D0%B2%D0%B8%D0%B4%D0%B5%D0%BE
241,–ù—É–± –∏ –ø—Ä–æ –ø–æ—Å—Ç—Ä–æ–∏–ª–∏ –∑–∞—â–∏—â–µ–Ω–Ω—ã–π –¥–æ–º –ø—Ä–æ—Ç–∏–≤ —Ä–∞–¥—É–∂–Ω—ã–µ –¥—Ä—É–∑—å—è –º–∞–∏–Ω–∫—Ä–∞—Ñ—Ç ! –Ω—É–±–∏–∫ –∏ –ª–æ–≤—É—à–∫–∞ minecraft,30 —Å–µ–Ω 2022,https://yandex.ru/video/preview/13880460900906353146?parent-reqid=&text=%D0%B2%D0%B8%D0%B4%D0%B5%D0%BE
242,–ö–¢–û –ü–æ—Ö–∏—Ç–∏–ª –≠–¢–ò–• –ñ–∏—Ç–µ–ª–µ–π –í –ú–∞–π–Ω–∫—Ä–∞—Ñ—Ç | –ö–æ–º–ø–æ—Ç Minecraft,28 –º–∞—Ä 2024,https://yandex.ru/video/preview/13063377606558213647?parent-reqid=&text=%D0%B2%D0%B8%D0%B4%D0%B5%D0%BE
243,–ê–º–µ—Ä–∏–∫–∞–Ω—Ü—ã –Ω–µ –ª–µ—Ç–∞–ª–∏ –Ω–∞ –õ—É–Ω—É? –í–æ—Ç –∫–∞–∫ –≤—Å—ë –±—ã–ª–æ –Ω–∞ —Å–∞–º–æ–º –¥–µ–ª–µ,1 –∞–ø—Ä 2017,https://yandex.ru/video/preview/13677424833564215523?parent-reqid=&text=%D0%B2%D0%B8%D0%B4%D0%B5%D0%BE
244,–Ø –ü—Ä–æ–≤–µ–ª–∞ 7 –î–Ω–µ–∏ –≤ –û–¥–∏–Ω–æ—á–Ω–æ–π –ö–∞–º–µ—Ä–µ!,17 —Ñ–µ–≤ 2024,https://yandex.ru/video/preview/13768247603585390242?parent-reqid=&text=%D0%B2%D0%B8%D0%B4%D0%B5%D0%BE
245,–î–µ–Ω—å –ø–æ–¥–∞—Ä–∫–æ–≤ –¥–ª—è –ø–∞—à–∏ –∏ 10 000 000 –ø–æ–¥–ø–∏—Å—á–∏–∫–æ–≤,16 –º–∞—è 2019,https://yandex.ru/video/preview/13041080886820966781?parent-reqid=&text=%D0%B2%D0%B8%D0%B4%D0%B5%D0%BE
246,–ú–∏–ª–∞–Ω–∞ –§–∏–ª–∏–º–æ–Ω–æ–≤–∞ ‚Äì –î–ê –î–ê –î–ê! (–ü—Ä–µ–º—å–µ—Ä–∞ –ö–ª–∏–ø–∞ Family Box 2019),26 –∞–ø—Ä 2019,https://yandex.ru/video/preview/285857745427661313?parent-reqid=&text=%D0%B2%D0%B8%D0%B4%D0%B5%D0%BE
247,"5 –ù–µ–æ–±—ä—è—Å–Ω–∏–º—ã—Ö –°—É—â–µ—Å—Ç–≤, –°–Ω—è—Ç—ã—Ö –Ω–∞ –ö–∞–º–µ—Ä—É",30 –∞–≤–≥ 2016,https://yandex.ru/video/preview/15423293454234856781?parent-reqid=&text=%D0%B2%D0%B8%D0%B4%D0%B5%D0%BE
248,–°–ª–∏—à–∫–æ–º –¥–µ—Ä–∑–∫–∞—è –Ω—è–Ω—è 2,29 –æ–∫—Ç 2016,https://yandex.ru/video/preview/8593511549917286070?parent-reqid=&text=%D0%B2%D0%B8%D0%B4%D0%B5%D0%BE
249,–Ø –í–æ—Å—Å–æ–∑–¥–∞–ª –°–∞–º—ã–µ –ò–∑–≤–µ—Å—Ç–Ω—ã–µ –ö–∞—Ä—Ç–∏–Ω–∫–∏ –ò–Ω—Ç–µ—Ä–Ω–µ—Ç–∞ –≤ –ú–∞–π–Ω–∫—Ä–∞—Ñ—Ç!,25 –æ–∫—Ç 2022,https://yandex.ru/video/preview/12930815322456786184?parent-reqid=&text=%D0%B2%D0%B8%D0%B4%D0%B5%D0%BE
250,7 –Ω–µ–≤–µ—Ä–æ—è—Ç–Ω—ã—Ö —Å–æ–±—ã—Ç–∏–π —Å–Ω—è—Ç—ã—Ö –Ω–∞ –≤–∏–¥–µ–æ!,24 —Å–µ–Ω 2016,https://yandex.ru/video/preview/12367192581822080492?parent-reqid=&text=%D0%B2%D0%B8%D0%B4%D0%B5%D0%BE
251,"–ö–ª–æ–Ω—ã –†–∞—Å—Å–∫–∞–∑—ã–≤–∞—é—Ç –°–∫–∞–∑–∫—É | 13 –ö–∞—Ä—Ç, –ø–∏–ª–æ—Ç",17 –º–∞—è 2019,https://yandex.ru/video/preview/8940094045497703611?parent-reqid=&text=%D0%B2%D0%B8%D0%B4%D0%B5%D0%BE
252,–õ—É—á—à–∏–µ –†–µ–ø–ª–µ–∏ –ù–µ–¥–µ–ª–∏ —Å –ö–∏—Ä–∏–ª–ª–æ–º –û—Ä–µ—à–∫–∏–Ω—ã–º #110 [World of Tanks],29 –º–∞—è 2017,https://yandex.ru/video/preview/7179441846389999148?parent-reqid=&text=%D0%B2%D0%B8%D0%B4%D0%B5%D0%BE
253,–í–ª–∞–¥ –ê4 —Å—Ç–∞–ª –í–∞–º–ø–∏—Ä–æ–º ! *–ú–ï–ù–Ø –£–∫—É—Å–∏–ª–∏,30 –º–∞—è 2021,https://yandex.ru/video/preview/10339527355239235508?parent-reqid=&text=%D0%B2%D0%B8%D0%B4%D0%B5%D0%BE
254,"Nyusha / –ù–Æ–®–ê - –ì–¥–µ —Ç—ã, —Ç–∞–º —è (Official clip) HD",24 –∏—é–Ω 2015,https://yandex.ru/video/preview/6132244780303950437?parent-reqid=&text=%D0%B2%D0%B8%D0%B4%D0%B5%D0%BE
255,–ù–∞—à —Å–æ—Å–µ–¥ ‚Äì —Ä–µ–±–µ–Ω–æ–∫ –ø—Ä–µ—Å—Ç—É–ø–Ω–∏–∫ !,29 –∞–ø—Ä 2024,https://yandex.ru/video/preview/8026512823629920401?parent-reqid=&text=%D0%B2%D0%B8%D0%B4%D0%B5%D0%BE
256,5 –†–µ–∞–ª—å–Ω—ã—Ö –î–∂–µ—Ñ—Ñ–æ–≤ –£–±–∏–π—Ü –°–Ω—è—Ç—ã—Ö –ù–ê –ö–∞–º–µ—Ä—É [–ß–µ—Ä–Ω—ã–π –∫–æ—Ç],28 –∏—é–ª 2018,https://yandex.ru/video/preview/13277350025494248058?parent-reqid=&text=%D0%B2%D0%B8%D0%B4%D0%B5%D0%BE
257,"–ü–æ–∫—É–ø–∞—é –≤—Å–µ, —á—Ç–æ —Ç—ã –Ω–∞—Ä–∏—Å—É–µ—à—å —á–µ–ª–ª–µ–Ω–¥–∂ !",20 –∏—é–Ω 2019,https://yandex.ru/video/preview/8836709964865829216?parent-reqid=&text=%D0%B2%D0%B8%D0%B4%D0%B5%D0%BE
258,–ê–º–∞–∑–æ–Ω–∫–∞: –ø–ª–∞–≤–∞—é—â–∏–π –ª–µ—Å | –ù–µ–∏–∑–≤–µ–¥–∞–Ω–Ω—ã–µ –æ—Å—Ç—Ä–æ–≤–∞ | Discovery Channel,3 –º–∞—è 2018,https://yandex.ru/video/preview/14098895632906935983?parent-reqid=&text=%D0%B2%D0%B8%D0%B4%D0%B5%D0%BE
259,Por El Momento - Nicky Jam ft Plan B (Concept Video) (√Ålbum F√©nix),5 –º–∞—è 2017,https://yandex.ru/video/preview/18433490533214162516?parent-reqid=&text=%D0%B2%D0%B8%D0%B4%D0%B5%D0%BE
260,Baby and Cat Fun and Fails - Funny Baby Video,27 —Å–µ–Ω 2018,https://yandex.ru/video/preview/275592738881326703?parent-reqid=&text=%D0%B2%D0%B8%D0%B4%D0%B5%D0%BE
261,–ö—Ç–æ –ü–æ—Å–ª–µ–¥–Ω–∏–π –ó–∞–≥–æ–≤–æ—Ä–∏—Ç –ß–µ–ª–ª–µ–Ω–¥–∂ !,3 —è–Ω–≤ 2024,https://yandex.ru/video/preview/17519908473746662780?parent-reqid=&text=%D0%B2%D0%B8%D0%B4%D0%B5%D0%BE
262,24 –ß–∞—Å–∞ –≤ –¶–∏—Ä–∫–µ –ß–µ–ª–ª–µ–Ω–¥–∂ !,15 –¥–µ–∫ 2021,https://yandex.ru/video/preview/2418129938638638417?parent-reqid=&text=%D0%B2%D0%B8%D0%B4%D0%B5%D0%BE
263,"–û–ª—å–≥–∞ –ë—É–∑–æ–≤–∞ - –ú–∞–ª–æ –ø–æ–ª–æ–≤–∏–Ω (–ø—Ä–µ–º—å–µ—Ä–∞ –∫–ª–∏–ø–∞, 2017)",5 –∏—é–Ω 2017,https://yandex.ru/video/preview/9715896194339102288?parent-reqid=&text=%D0%B2%D0%B8%D0%B4%D0%B5%D0%BE
264,–ì—Ä–∏—Ñ–µ—Ä –ù–∞–ø–∞–ª –ù–ê –ú–û–Æ –î–µ—Ä–µ–≤–Ω—é –ñ–∏—Ç–µ–ª–µ–π –í –ú–∞–π–Ω–∫—Ä–∞—Ñ—Ç | –ö–æ–º–ø–æ—Ç Minecraft,12 —Å–µ–Ω 2021,https://yandex.ru/video/preview/15523634010576214070?parent-reqid=&text=%D0%B2%D0%B8%D0%B4%D0%B5%D0%BE
265,"–ö–∞–∫ —è —Å–Ω–∏–º–∞—é —Å–≤–æ–∏ –≤–∏–¥–µ–æ?! / –∫–∞–º–µ—Ä–∞, –º–æ–Ω—Ç–∞–∂, —Å–µ–∫—Ä–µ—Ç—ã",13 –∞–ø—Ä 2017,https://yandex.ru/video/preview/6293211678272186154?parent-reqid=&text=%D0%B2%D0%B8%D0%B4%D0%B5%D0%BE
266,–ö–∞–∫ —è —Å–Ω–∏–º–∞—é –≤–∏–¥–µ–æ,6 —Ñ–µ–≤ 2015,https://yandex.ru/video/preview/10075929204048909415?parent-reqid=&text=%D0%B2%D0%B8%D0%B4%D0%B5%D0%BE
267,–ö–∞—Ç—è –∏ –ú–∞–∫—Å –¥–µ–ª–∞—é—Ç –≥—Ä—é–º–∏–Ω–≥ –¥–ª—è –ú—É—Ä–∫–∏,18 –∏—é–Ω 2016,https://yandex.ru/video/preview/1504137517028432599?parent-reqid=&text=%D0%B2%D0%B8%D0%B4%D0%B5%D0%BE
268,"–ö—Ç–æ –ü–æ—Å–ª–µ–¥–Ω–∏–∏ –í–∫–ª—é—á–∏—Ç WIFI, –ü–æ–ª—É—á–∏—Ç 10000$ - –ß–µ–ª–ª–µ–Ω–¥–∂",14 –æ–∫—Ç 2020,https://yandex.ru/video/preview/9225446695996046166?parent-reqid=&text=%D0%B2%D0%B8%D0%B4%D0%B5%D0%BE
269,100 —Ç–∞–∏–Ω—ã—Ö –¥–≤–µ—Ä–µ–∏ –∏ —Ç–æ–ª—å–∫–æ –æ–¥–Ω–∞ —Ç–µ–±—è —Å–ø–∞—Å–µ—Ç !,3 —Å–µ–Ω 2021,https://yandex.ru/video/preview/14404701534889039152?parent-reqid=&text=%D0%B2%D0%B8%D0%B4%D0%B5%D0%BE
270,Nyusha / –ù–Æ–®–ê - –¶—É–Ω–∞–º–∏ (Official clip HD2K),25 –æ–∫—Ç 2014,https://yandex.ru/video/preview/646115640409572575?parent-reqid=&text=%D0%B2%D0%B8%D0%B4%D0%B5%D0%BE
271,–ß–µ–ª–ª–µ–Ω–¥–∂ –ü–∏–∫–Ω–∏–∫ –Ω–∞ –º–∞—à–∏–Ω–∞—Ö / –ú–∞–ª—å—á–∏–∫–∏ –ø—Ä–æ—Ç–∏–≤ –î–µ–≤–æ—á–µ–∫ / –ï–¥–µ–º –Ω–∞ –º–æ—Ä–µ,30 –∞–≤–≥ 2016,https://yandex.ru/video/preview/241841461130142625?parent-reqid=&text=%D0%B2%D0%B8%D0%B4%D0%B5%D0%BE
272,–£–µ–∑–∂–∞–µ–º –æ—Ç–¥—ã—Ö–∞—Ç—å –Ω–∞ –º–æ—Ä–µ —Å –∂–µ–ª–µ–π–Ω—ã–º –º–µ–¥–≤–µ–¥–µ–º –≤–∞–ª–µ—Ä–æ–π,8 –∏—é–ª 2017,https://yandex.ru/video/preview/4182135893214086148?parent-reqid=&text=%D0%B2%D0%B8%D0%B4%D0%B5%D0%BE
273,Banho,17 –∏—é–ª 2018,https://yandex.ru/video/preview/10086710042770564850?parent-reqid=&text=%D0%B2%D0%B8%D0%B4%D0%B5%D0%BE
274,–Ø –ù–∞—à—ë–ª –ó–∞–±—Ä–æ—à–µ–Ω–Ω—ã–π –î–û–ú –°–≤–æ–µ–≥–æ –°—Ç–∞—Ä–æ–≥–æ –ü–æ–¥–ø–∏—Å—á–∏–∫–∞ –í –ú–∞–π–Ω–∫—Ä–∞—Ñ—Ç | –ö–æ–º–ø–æ—Ç Minecraft,11 —Å–µ–Ω 2023,https://yandex.ru/video/preview/8164798230139343523?parent-reqid=&text=%D0%B2%D0%B8%D0%B4%D0%B5%D0%BE
275,–ö—Ç–æ –ü–æ—Å–ª–µ–¥–Ω–∏–π –ü–æ–∫–∏–Ω–µ—Ç –ö—É—Ö–Ω—é –ü–æ–ª—É—á–∏—Ç 1000$ –ß–µ–ª–ª–µ–Ω–¥–∂ !,26 —è–Ω–≤ 2022,https://yandex.ru/video/preview/8509842228763705148?parent-reqid=&text=%D0%B2%D0%B8%D0%B4%D0%B5%D0%BE
276,–ü—Ä–∏–∫–æ–ª—ã —Å –∫–æ—Ç–∞–º–∏! –°–º–µ—à–Ω—ã–µ –∫–æ—Ç—ã! –° –û–∑–≤—É—á–∫–æ–π! –°–º–µ—à–Ω—ã–µ –ñ–∏–≤–æ—Ç–Ω—ã–µ 2023! –¢–µ—Å—Ç –Ω–∞ –ø—Å–∏—Ö–∏–∫—É!,19 —Å–µ–Ω 2023,https://yandex.ru/video/preview/18191483263337372376?parent-reqid=&text=%D0%B2%D0%B8%D0%B4%D0%B5%D0%BE
277,"–õ–µ–≤ –ö–ª—ã–∫–æ–≤ ‚Äì –û —Ç–æ–º, —á—Ç–æ –Ω–∞—Å –∂–¥–µ—Ç –≤ –Ω–æ–≤–æ–º –º–∏—Ä–µ –∏ –∫–∞–∫–∏–º –±—É–¥–µ—Ç 2023-–π",26 —è–Ω–≤ 2023,https://yandex.ru/video/preview/6997541405609201652?parent-reqid=&text=%D0%B2%D0%B8%D0%B4%D0%B5%D0%BE
278,–û—Ö–æ—Ç–∞ –Ω–∞ –°–∏—Ä–µ–Ω–æ–≥–æ–ª–æ–≤–æ–≥–æ –≤ –†–µ–∞–ª—å–Ω–æ–∏ –ñ–∏–∑–Ω–∏ !,23 –¥–µ–∫ 2020,https://yandex.ru/video/preview/7915141580906928281?parent-reqid=&text=%D0%B2%D0%B8%D0%B4%D0%B5%D0%BE
279,TOP 50 ‚Ä¢ Most Beautiful Places in the World 8K Ultra HD,2 —Å–µ–Ω 2022,https://yandex.ru/video/preview/12077669821496259809?parent-reqid=&text=%D0%B2%D0%B8%D0%B4%D0%B5%D0%BE
280,–£–ª—å—Ç—Ä–∞ –ë–æ–≥–∞—Ç—ã–π vs –£–ª—å—Ç—Ä–∞ –ë–µ–¥–Ω—ã–π –¢–µ–ª–æ—Ö—Ä–∞–Ω–∏—Ç–µ–ª—å !,1 —è–Ω–≤ 2024,https://yandex.ru/video/preview/5160731330734611129?parent-reqid=&text=%D0%B2%D0%B8%D0%B4%D0%B5%D0%BE
281,–û—Ç—Ö–≤–∞—Ç–∏–ª —Ç—É–Ω—Ü–∞ –Ω–∞ –ø–ª—è–∂–µ! –∫—Ä—É—Ç–æ –æ—Ç–¥—ã—Ö–∞–µ—Ç –Ω–∞ –º–æ—Ä–µ –∂–µ–ª–µ–π–Ω—ã–π –º–µ–¥–≤–µ–¥—å –≤–∞–ª–µ—Ä–∞,11 –∏—é–ª 2018,https://yandex.ru/video/preview/9069601848469395953?parent-reqid=&text=%D0%B2%D0%B8%D0%B4%D0%B5%D0%BE
282,"–•–∞–Ω–Ω–∞, –ú–∏—à–∞ –ú–∞—Ä–≤–∏–Ω - –£–±—å—é —Ç–µ–±—è (–ü—Ä–µ–º—å–µ—Ä–∞ –∫–ª–∏–ø–∞, 2021)",14 –æ–∫—Ç 2021,https://yandex.ru/video/preview/7314774031109052812?parent-reqid=&text=%D0%B2%D0%B8%D0%B4%D0%B5%D0%BE
283,–¢–µ—Å—Ç –Ω–∞ –ø—Å–∏—Ö–∏–∫—É challenge —Å –ø–µ—Ä—Ü–µ–º,12 –æ–∫—Ç 2016,https://yandex.ru/video/preview/9561087149709853765?parent-reqid=&text=%D0%B2%D0%B8%D0%B4%D0%B5%D0%BE
284,–í–∑–ª–∞–º—ã–≤–∞—é –ó–∞–±—Ä–æ—à–µ–Ω–Ω—ã–π –ë–∞–Ω–∫–æ–º–∞—Ç **–î–µ–Ω—å–≥–∏ –í–Ω—É—Ç—Ä–∏,6 –º–∞—è 2020,https://yandex.ru/video/preview/6559517579777343892?parent-reqid=&text=%D0%B2%D0%B8%D0%B4%D0%B5%D0%BE
285,Loboda - –õ—É—á—à–∏–µ –∫–ª–∏–ø—ã,13 –º–∞—Ä 2017,https://yandex.ru/video/preview/6685133776725523398?parent-reqid=&text=%D0%B2%D0%B8%D0%B4%D0%B5%D0%BE
286,5 –ú–æ—Ä—Å–∫–∏—Ö –ú–æ–Ω—Å—Ç—Ä–æ–≤ –°–Ω—è—Ç—ã—Ö –ù–ê –ö–∞–º–µ—Ä—É [–ß–µ—Ä–Ω—ã–π –∫–æ—Ç],15 –∏—é–Ω 2017,https://yandex.ru/video/preview/8173501031822840495?parent-reqid=&text=%D0%B2%D0%B8%D0%B4%D0%B5%D0%BE
287,–ö–∞—Ç—è –∏ –ú–∞–∫—Å –ø—Ä–∏–≥–æ—Ç–æ–≤–∏–ª–∏ –ü–æ–¥–∞—Ä–∫–∏ –¥–ª—è –õ—é–¥—ã –∏ –ò–Ω–Ω—ã,2 –∏—é–Ω 2017,https://yandex.ru/video/preview/6701629008081023410?parent-reqid=&text=%D0%B2%D0%B8%D0%B4%D0%B5%D0%BE
288,–°–≤–µ—Ç–∞ –£–º–µ–Ω—å—à–∏–ª–∞ –ë–æ–≥–¥–∞–Ω–∞,1 —è–Ω–≤ 2018,https://yandex.ru/video/preview/6465721994382143862?parent-reqid=&text=%D0%B2%D0%B8%D0%B4%D0%B5%D0%BE
289,–ó–∞–º–æ–∫ –ü—Ä–∏–Ω—Ü–µ—Å—Å—ã –∏–∑ –æ–≥—Ä–æ–º–Ω–æ–≥–æ –∫–æ–Ω—Å—Ç—Ä—É–∫—Ç–æ—Ä–∞ –ö–∞—Ç—è —É–ø–∞–ª–∞ –∑–ª–∏—Ç—Å—è –∏ –ø–ª–∞—á–µ—Ç –£—Å—Ç—Ä–æ–∏–ª–∏ –ñ–µ–ª–µ–π–Ω—ã–π –ß–µ–ª–ª–µ–Ω–¥–∂,18 –º–∞—Ä 2017,https://yandex.ru/video/preview/4490740320542946310?parent-reqid=&text=%D0%B2%D0%B8%D0%B4%D0%B5%D0%BE
290,–°–∞–º—ã–µ –Ω–µ–≤–µ—Ä–æ—è—Ç–Ω—ã–µ –∫–æ—Ä–∞–±–ª–∏,24 —è–Ω–≤ 2017,https://yandex.ru/video/preview/17496705331826905127?parent-reqid=&text=%D0%B2%D0%B8%D0%B4%D0%B5%D0%BE
291,–†–∏—Å—É–π!!!–µ—à—å!!!–∏–ª–∏ –æ—Ç—Ä–µ–∑–∞–π –≤–æ–ª–æ—Å—ã!!!,10 –Ω–æ—è 2019,https://yandex.ru/video/preview/6436837543840547077?parent-reqid=&text=%D0%B2%D0%B8%D0%B4%D0%B5%D0%BE
292,–ù–û–ß–¨ –≤ –∑–∞–∫—Ä—ã—Ç–æ–π –ë–∞—Ç—É—Ç–Ω–æ–π –ê—Ä–µ–Ω–µ ! 24 hour trampoline park,3 –¥–µ–∫ 2016,https://yandex.ru/video/preview/9444935885137721426?parent-reqid=&text=%D0%B2%D0%B8%D0%B4%D0%B5%D0%BE
293,10 —Å–∞–º—ã—Ö –æ–ø–∞—Å–Ω—ã—Ö —Ä—ã–± –≤ –º–∏—Ä–µ 3 —á–∞—Å—Ç—å,14 —è–Ω–≤ 2017,https://yandex.ru/video/preview/12028272872851345961?parent-reqid=&text=%D0%B2%D0%B8%D0%B4%D0%B5%D0%BE
294,–í–õ–û–ì –ì–¥–µ –Ω–∞—Å —Ç–æ–ª—å–∫–æ –Ω–µ –Ω–æ—Å–∏–ª–æ –≤ —ç—Ç–æ—Ç –¥–µ–Ω—å –ü—Ä–∏–∫–æ–ª—å–Ω–∞—è –∫–∞–Ω—Ü–µ–ª—è—Ä–∏—è –°–º–æ—Ç—Ä–∏–º –¥–æ–º —Å 8 —Å–ø–∞–ª—å–Ω—è–º–∏ –≤ –õ–æ–Ω–¥–æ–Ω–µ,13 —è–Ω–≤ 2017,https://yandex.ru/video/preview/630850978442425179?parent-reqid=&text=%D0%B2%D0%B8%D0%B4%D0%B5%D0%BE
295,–õ—É—á—à–∏–µ –∫–ª–∏–ø—ã 2019,12 —è–Ω–≤ 2020,https://yandex.ru/video/preview/3326951605772999041?parent-reqid=&text=%D0%B2%D0%B8%D0%B4%D0%B5%D0%BE
296,–õ—É—á—à–∏–µ –†–µ–ø–ª–µ–∏ –ù–µ–¥–µ–ª–∏ —Å –ö–∏—Ä–∏–ª–ª–æ–º –û—Ä–µ—à–∫–∏–Ω—ã–º #106 [–ú–∏—Ä —Ç–∞–Ω–∫–æ–≤],31 –º–∞—Ä 2017,https://yandex.ru/video/preview/17477480776256587749?parent-reqid=&text=%D0%B2%D0%B8%D0%B4%D0%B5%D0%BE
297,–ö–∞—Ç—è –≤—ã–±–∏—Ä–∞–µ—Ç –º–µ–±–µ–ª—å –¥–ª—è —Å–≤–æ–µ–π –Ω–æ–≤–æ–π –∫–æ–º–Ω–∞—Ç—ã,20 —è–Ω–≤ 2017,https://yandex.ru/video/preview/10770720799119893806?parent-reqid=&text=%D0%B2%D0%B8%D0%B4%D0%B5%D0%BE
298,–ö–∞–∫ –ü—Ä–∞–≤–∏–ª—å–Ω–æ –ó–∞–≥—Ä—É–∂–∞—Ç—å –í–∏–¥–µ–æ –Ω–∞ Youtube –ö–∞–Ω–∞–ª?!,20 –º–∞—Ä 2019,https://yandex.ru/video/preview/12498481389937657872?parent-reqid=&text=%D0%B2%D0%B8%D0%B4%D0%B5%D0%BE
299,–ê—Ä–±—É–∑ –ß–µ–ª–ª–µ–Ω–¥–∂ / –º–∞–ª—å—á–∏–∫–∏ –ø—Ä–æ—Ç–∏–≤ –¥–µ–≤–æ—á–µ–∫ / –≤–∑—Ä—ã–≤–∞–µ–º –∞—Ä–±—É–∑ —Ä–µ–∑–∏–Ω–∫–∞–º–∏,22 –∞–≤–≥ 2016,https://yandex.ru/video/preview/9821584614729708207?parent-reqid=&text=%D0%B2%D0%B8%D0%B4%D0%B5%D0%BE
300,10 –°–∞–º—ã—Ö –ù–µ–æ–±—ã—á–Ω—ã—Ö –°—É–ø–µ—Ä–º–æ–¥–µ–ª–µ–π,23 –Ω–æ—è 2016,https://yandex.ru/video/preview/14710796560283722509?parent-reqid=&text=%D0%B2%D0%B8%D0%B4%D0%B5%D0%BE
301,"–ê–Ω–¥—Ä–µ–π –ö–∞—Ä–∞—É–ª–æ–≤ –æ —Ç–æ–º, —á—Ç–æ –ü—É—Ç–∏–Ω –ø–æ—á—Ç–∏ –æ–±—Ä–µ—á–µ–Ω –∏ –ø—Ä–∞–≤—è—â–∞—è –≤–µ—Ä—Ö—É—à–∫–∞ –≥–æ—Ç–æ–≤–∏—Ç –ø–µ—Ä–µ–≤–æ—Ä–æ—Ç",20 —è–Ω–≤ 2021,https://yandex.ru/video/preview/13227414636956039493?parent-reqid=&text=%D0%B2%D0%B8%D0%B4%D0%B5%D0%BE
302,"Incredible Patagonia üíö 4K Video Ultra HD, 60fps Epic Drone Footage",12 –º–∞—Ä 2017,https://yandex.ru/video/preview/3267269777617565355?parent-reqid=&text=%D0%B2%D0%B8%D0%B4%D0%B5%D0%BE
303,Mil Lagrimas - Nicky Jam (Concept Video) (Album F√©nix),10 –º–∞—Ä 2017,https://yandex.ru/video/preview/17991522181763031920?parent-reqid=&text=%D0%B2%D0%B8%D0%B4%D0%B5%D0%BE
304,–¢–∏–Ω–¥–µ—Ä –í –†–µ–∞–ª—å–Ω–æ–∏ –ñ–∏–∑–Ω–∏ ! * *2 –ß–∞—Å—Ç—å,16 —Å–µ–Ω 2020,https://yandex.ru/video/preview/8443501164279805961?parent-reqid=&text=%D0%B2%D0%B8%D0%B4%D0%B5%D0%BE
305,–ö–æ—à–µ—á–∫–∞ –ú—É—Ä–∫–∞ –ø–æ–∫—É–ø–∞–µ–º –ø–∏—Ç–æ–º—Ü–∞ –ú–∞–∫—Å—É –∏ –ö–∞—Ç–µ –í–õ–û–ì –Ω–∞ —Ä—ã–Ω–∫–µ –∂–∏–≤–æ—Ç–Ω—ã—Ö,14 –º–∞—è 2016,https://yandex.ru/video/preview/13669556734725203026?parent-reqid=&text=%D0%B2%D0%B8%D0%B4%D0%B5%D0%BE
306,–ù–û–ß–¨ –≤ –∑–∞–∫—Ä—ã—Ç–æ–º –ê–∫–≤–∞–ø–∞—Ä–∫–µ!! 24 hour in waterpark,10 –¥–µ–∫ 2016,https://yandex.ru/video/preview/5773179539053885561?parent-reqid=&text=%D0%B2%D0%B8%D0%B4%D0%B5%D0%BE
307,–ò–≥—Ä—É—à–∫–∏ –©–µ–Ω—è—á–∏–∏ –ü–∞—Ç—Ä—É–ª—å –°–±–æ—Ä–Ω–∏–∫ –≤–∏–¥–µ–æ,27 –º–∞—è 2019,https://yandex.ru/video/preview/199060730254127680?parent-reqid=&text=%D0%B2%D0%B8%D0%B4%D0%B5%D0%BE
308,24 —á–∞—Å–∞ –≤ –¥–≤–∏–∂—É—â–µ–º—Å—è –≥—Ä—É–∑–æ–≤–∏–∫–µ —á–µ–ª–ª–µ–Ω–¥–∂ !,14 –∏—é–Ω 2020,https://yandex.ru/video/preview/7028557633218268812?parent-reqid=&text=%D0%B2%D0%B8%D0%B4%D0%B5%D0%BE
309,–ü–æ—á–µ–º—É –≠–¢–û–¢ –ñ–∏—Ç–µ–ª—å –ü—Ä—è—á–µ—Ç—Å—è –û–¢ –í–°–ï–• –í –ö–æ–ª–æ–¥—Ü–µ –í –ú–∞–π–Ω–∫—Ä–∞—Ñ—Ç | –ö–æ–º–ø–æ—Ç Minecraft,14 –º–∞—Ä 2024,https://yandex.ru/video/preview/2734393284836912635?parent-reqid=&text=%D0%B2%D0%B8%D0%B4%D0%B5%D0%BE
310,–ú–∞—à–∞ –∏ –ú–µ–¥–≤–µ–¥—å - –ë—Ä–∏–ª–ª–∏–∞–Ω—Ç–æ–≤—ã–µ –º—É–ª—å—Ç–∏–∫–∏ –°–±–æ—Ä–Ω–∏–∫ –ª—É—á—à–∏—Ö —Å–µ—Ä–∏–π –Ω–∞ YouTube,31 –º–∞—Ä 2017,https://yandex.ru/video/preview/285862013932316709?parent-reqid=&text=%D0%B2%D0%B8%D0%B4%D0%B5%D0%BE
311,–¢–û–ü 60 –õ—É—á—à–∏—Ö –ù–æ–≤—ã—Ö –ö–ª–∏–ø–æ–≤ 2020-2021 –≥–æ–¥–∞. –°–∞–º—ã–µ –≥–æ—Ä—è—á–∏–µ –≤–∏–¥–µ–æ —Å—Ç—Ä–∞–Ω—ã. –ì–ª–∞–≤–Ω—ã–µ —Ä—É—Å—Å–∫–∏–µ —Ö–∏—Ç—ã. ...,25 –º–∞—Ä 2021,https://yandex.ru/video/preview/18019239391967144281?parent-reqid=&text=%D0%B2%D0%B8%D0%B4%D0%B5%D0%BE
312,–ú–∞–∫—Å –∏ –ö–∞—Ç—è –Ω–∞–≤—Å–µ–≥–¥–∞ –ø–æ–∫–∏–¥–∞—é—Ç —Å–≤–æ–π –¥–æ–º –û—Ç–¥–∞–µ–º –∫—É—á–∏ –∏–≥—Ä—É—à–µ–∫ –ï–¥–µ–º —Å –ú—É—Ä–∫–æ–π –∫ —Ä–æ–¥—Å—Ç–≤–µ–Ω–Ω–∏–∫–∞–º,6 —è–Ω–≤ 2017,https://yandex.ru/video/preview/15584188530559172880?parent-reqid=&text=%D0%B2%D0%B8%D0%B4%D0%B5%D0%BE
313,–ö–∞–∫ —Å—ä–µ—Å—Ç—å –∞–π—Ñ–æ–Ω –∏–ª–∏ –Ω–æ–≤—ã–π –º–µ–¥–≤–µ —á–µ—Ö–æ–ª –¥–ª—è –∂–µ–ª–µ–π–Ω–æ–≥–æ –º–µ–¥–≤–µ–¥—è –≤–∞–ª–µ—Ä—ã,9 –º–∞—è 2019,https://yandex.ru/video/preview/14775772722205236685?parent-reqid=&text=%D0%B2%D0%B8%D0%B4%D0%B5%D0%BE
314,–ù–û–ß–¨ –í –ó–∞–∫—Ä—ã—Ç–æ–º –û—Ñ–∏—Å–µ –í–∫–æ–Ω—Ç–∞–∫—Ç–µ ! 24 hour in vk office,7 —è–Ω–≤ 2017,https://yandex.ru/video/preview/5746111060430463443?parent-reqid=&text=%D0%B2%D0%B8%D0%B4%D0%B5%D0%BE
315,–í–æ—Ç –ø–æ—á–µ–º—É –ª—é–¥–∏ –Ω–µ –ª–µ—Ç–∞—é—Ç –Ω–∞ –õ—É–Ω—É! –û —á–µ–º –º–æ–ª—á–∞—Ç –∞—Å—Ç—Ä–æ–Ω–∞–≤—Ç—ã –∏ —É—á–µ–Ω—ã–µ.,8 —Ñ–µ–≤ 2017,https://yandex.ru/video/preview/10196832425990353321?parent-reqid=&text=%D0%B2%D0%B8%D0%B4%D0%B5%D0%BE
316,"7 –≤–µ—â–µ–π, –∫–æ—Ç–æ—Ä—ã–µ –Ω–µ–ª—å–∑—è –¥–µ–ª–∞—Ç—å —é—Ç—É–±–µ—Ä—É",23 –∏—é–Ω 2016,https://yandex.ru/video/preview/5109050540949965724?parent-reqid=&text=%D0%B2%D0%B8%D0%B4%D0%B5%D0%BE
317,–û–¥–µ–ª—Å—è –í –†–µ–∞–ª—å–Ω–æ–π –ñ–∏–∑–Ω–∏ –ö–ê–ö –í –ú–∞–π–Ω–∫—Ä–∞—Ñ—Ç–µ | –ö–æ–º–ø–æ—Ç Minecraft,30 –∞–≤–≥ 2022,https://yandex.ru/video/preview/13675494155479307982?parent-reqid=&text=%D0%B2%D0%B8%D0%B4%D0%B5%D0%BE
318,JAY-Z - The Story of O.J.,5 –∏—é–ª 2017,https://yandex.ru/video/preview/17533795809833192914?parent-reqid=&text=%D0%B2%D0%B8%D0%B4%D0%B5%D0%BE
319,–ù–æ–≤—ã–π —Ä–∞–∑–≤–æ–¥ –ø—Ä–∏ –ø—Ä–æ–¥–∞–∂–µ –∞–≤—Ç–æ –∏ –Ω–µ —Ç–æ–ª—å–∫–æ!Ildar AVTO-Podbor,13 —è–Ω–≤ 2016,https://yandex.ru/video/preview/16806976559432813258?parent-reqid=&text=%D0%B2%D0%B8%D0%B4%D0%B5%D0%BE
320,–ß–∞—Ç —Ä—É–ª–µ—Ç–∫–∞ —É–∫—Ä–∞–∏–Ω–∞ vs —Ä–æ—Å—Å–∏—è —Å–æ—Ü–∏–∞–ª—å–Ω—ã–π —ç–∫—Å–ø–µ—Ä–∏–º–µ–Ω—Ç #7,9 –º–∞—Ä 2016,https://yandex.ru/video/preview/2210610996586614764?parent-reqid=&text=%D0%B2%D0%B8%D0%B4%D0%B5%D0%BE
321,Flying OVER Norway (4K UHD) 1HR Ambient Drone Film + Music by Nature Relaxation‚Ñ¢ for Stress Relief,25 –∞–ø—Ä 2018,https://yandex.ru/video/preview/5190042115038583742?parent-reqid=&text=%D0%B2%D0%B8%D0%B4%D0%B5%D0%BE
322,–ú–µ–¥–≤–µ —Å–ø–∏–Ω–Ω–µ—Ä –∏ –∂–µ–ª–µ–π–Ω—ã–π –º–µ–¥–≤–µ–¥—å –≤–∞–ª–µ—Ä–∞,22 –º–∞—è 2017,https://yandex.ru/video/preview/17087689273898945510?parent-reqid=&text=%D0%B2%D0%B8%D0%B4%D0%B5%D0%BE
323,–°–∏—Ä–µ–Ω–æ–≥–æ–ª–æ–≤—ã–π –≤ –†–µ–∞–ª—å–Ω–æ–π –ñ–∏–∑–Ω–∏!,2 –º–∞—è 2021,https://yandex.ru/video/preview/980315777500911595?parent-reqid=&text=%D0%B2%D0%B8%D0%B4%D0%B5%D0%BE
324,–¢–û–ü 30 –õ—É—á—à–∏—Ö –ù–æ–≤—ã—Ö –ö–ª–∏–ø–æ–≤ 2017-2018 –≥–æ–¥–∞. –°–∞–º—ã–µ –≥–æ—Ä—è—á–∏–µ –≤–∏–¥–µ–æ —Å—Ç—Ä–∞–Ω—ã. –ì–ª–∞–≤–Ω—ã–µ —Ä—É—Å—Å–∫–∏–µ —Ö–∏—Ç—ã.,26 –¥–µ–∫ 2017,https://yandex.ru/video/preview/2876034239019444376?parent-reqid=&text=%D0%B2%D0%B8%D0%B4%D0%B5%D0%BE
325,–ë–æ–ª—å—à–∞—è —Ä–∞—Å–ø–∞–∫–æ–≤–∫–∞ —Å —Ä–∞–∑–Ω—ã–º–∏ –∫–ª–∞—Å—Å–Ω—ã–º–∏ –∏–≥—Ä—É—à–∫–∞–º–∏,1 –Ω–æ—è 2020,https://yandex.ru/video/preview/4128387882874617689?parent-reqid=&text=%D0%B2%D0%B8%D0%B4%D0%B5%D0%BE
326,Among US *–ù–æ–≤–∞—è –†–µ–∂–∏–º* –£–±–æ—Ä—â–∏–∫ ü•∫ @meels_play,26 —Ñ–µ–≤ 2021,https://yandex.ru/video/preview/659838581013739227?parent-reqid=&text=%D0%B2%D0%B8%D0%B4%D0%B5%D0%BE
327,50 –ù–æ–≤—ã—Ö –õ—É—á—à–∏—Ö –ö–ª–∏–ø–æ–≤ | –°–µ–Ω—Ç—è–±—Ä—å 2022 | –°–∞–º—ã–µ –ì–æ—Ä—è—á–∏–µ –í–∏–¥–µ–æ | –ì–ª–∞–≤–Ω—ã–µ –•–∏—Ç—ã –°—Ç—Ä–∞–Ω—ã | –°–±–æ—Ä–Ω–∏–∫ | 1...,8 –æ–∫—Ç 2022,https://yandex.ru/video/preview/5555756573195089752?parent-reqid=&text=%D0%B2%D0%B8%D0%B4%D0%B5%D0%BE
328,Karol G - Punto G (Official Video),5 –∞–ø—Ä 2019,https://yandex.ru/video/preview/17200726357217655322?parent-reqid=&text=%D0%B2%D0%B8%D0%B4%D0%B5%D0%BE
329,–õ—É—á—à–∏–µ –∫–ª–∏–ø—ã 2016 –≥–æ–¥–∞,31 –¥–µ–∫ 2016,https://yandex.ru/video/preview/18408785746785435159?parent-reqid=&text=%D0%B2%D0%B8%D0%B4%D0%B5%D0%BE
330,–†–∞–¥—É–∂–Ω—ã–µ –î—Ä—É–∑—å—è –≤ —Ä–µ–∞–ª—å–Ω–æ–π –∂–∏–∑–Ω–∏ –ù–∞—Å—Ç–æ—è—â–∞—è –ò—Å—Ç–æ—Ä–∏—è - 1 —á–∞—Å –í–°–ï –°–µ—Ä–∏–∏ –ü–æ–¥—Ä—è–¥,23 –Ω–æ—è 2022,https://yandex.ru/video/preview/13078286574147721067?parent-reqid=&text=%D0%B2%D0%B8%D0%B4%D0%B5%D0%BE
331,–í–ª–∞–¥ –ê4 –∏–∑ –ë—É–¥—É—â–µ–≥–æ ! *–í–µ—Ä–Ω—É–ª—Å—è —á—Ç–æ–±—ã –°–ø–∞—Å—Ç–∏ –ö–∞–Ω–∞–ª,4 –∞–≤–≥ 2021,https://yandex.ru/video/preview/7875426910580791333?parent-reqid=&text=%D0%B2%D0%B8%D0%B4%D0%B5%D0%BE
332,Getter - Head Splitter (Official Music Video),2 —Å–µ–Ω 2015,https://yandex.ru/video/preview/1226536911115653404?parent-reqid=&text=%D0%B2%D0%B8%D0%B4%D0%B5%D0%BE
333,–ö–ª–æ—É–Ω –ê4 –Ω–∞ –î–µ—Ç–µ–∫—Ç–æ—Ä–µ –õ–ñ–ò ! *–£–∑–Ω–∞–ª–∏ –í–°–Æ –ü—Ä–∞–≤–¥—É,5 –Ω–æ—è 2021,https://yandex.ru/video/preview/3340306739921462761?parent-reqid=&text=%D0%B2%D0%B8%D0%B4%D0%B5%D0%BE
334,–≠–∫—Å—Ç—Ä–µ–º–∞–ª—å–Ω—ã–µ –ü—Ä—è—Ç–∫–∏ –≤ –ê–∫–≤–∞–ø–∞—Ä–∫–µ –ß–µ–ª–ª–µ–Ω–¥–∂!,22 –∏—é–ª 2020,https://yandex.ru/video/preview/9232781638033418920?parent-reqid=&text=%D0%B2%D0%B8%D0%B4%D0%B5%D0%BE
335,Alex Gaudino feat. Crystal Waters - Destination Calabria [Explicit Version] [Official ],13 –∏—é–ª 2011,https://yandex.ru/video/preview/13850707515695964526?parent-reqid=&text=%D0%B2%D0%B8%D0%B4%D0%B5%D0%BE
336,–ö–∞–∫ –¥–æ–±–∞–≤–∏—Ç—å —Å—É–±—Ç–∏—Ç—Ä—ã –∫ –≤–∏–¥–µ–æ –Ω–∞ YouTube –≤ 2019 [–Ω–æ–≤—ã–π –º–µ—Ç–æ–¥],1 —Ñ–µ–≤ 2019,https://yandex.ru/video/preview/12101947381127555556?parent-reqid=&text=%D0%B2%D0%B8%D0%B4%D0%B5%D0%BE
337,–ü–æ—á–µ–º—É –ñ–∏—Ç–µ–ª—å –ù–∏–∫–æ–≥–æ –ù–ï –ü—É—Å–∫–∞–µ—Ç –í –≠–¢–û–¢ –î–û–ú –í –ú–∞–π–Ω–∫—Ä–∞—Ñ—Ç | –ö–æ–º–ø–æ—Ç Minecraft,11 –∏—é–ª 2022,https://yandex.ru/video/preview/2607872347731775780?parent-reqid=&text=%D0%B2%D0%B8%D0%B4%D0%B5%D0%BE
338,–û–Ω —É–ª–µ—Ç–µ–ª –Ω–æ –æ–±–µ—â–∞–ª –≤–µ—Ä–Ω—É—Ç—å—Å—è | –ø–æ–∏—Å–∫–∏ –∂–µ–ª–µ–π–Ω–æ–≥–æ –º–µ–¥–≤–µ–¥—è –≤–∞–ª–µ—Ä—ã,21 –æ–∫—Ç 2018,https://yandex.ru/video/preview/7818965617044946596?parent-reqid=&text=%D0%B2%D0%B8%D0%B4%D0%B5%D0%BE
339,–Æ–¥–∂–∏–Ω - —Å–∞–º–∞—è –±–æ–ª—å—à–∞—è —Ä—ã–±–∞!,17 –º–∞—è 2017,https://yandex.ru/video/preview/10591571799139657458?parent-reqid=&text=%D0%B2%D0%B8%D0%B4%D0%B5%D0%BE
340,–ù–∞—à–ª–∏ –¥–µ–Ω—å–≥–∏ –≤ –∫–æ–Ω—Ç–µ–π–Ω–µ—Ä–µ. –ü–æ–≤–µ–∑–ª–æ. –í–ø–µ—Ä–≤—ã–µ —Å—Ç–æ–ª—å–∫–æ. –ü—Ä–∏–±—ã–ª—å–Ω–∞—è –ø–æ–∫—É–ø–∫–∞. –ö–æ–ª–ª–µ–∫—Ü–∏—è,21 –æ–∫—Ç 2019,https://yandex.ru/video/preview/2320989085946841210?parent-reqid=&text=%D0%B2%D0%B8%D0%B4%D0%B5%D0%BE
341,–ú—É–ª—å—Ç–∏–∫ –ì–µ—Ä–æ–∏ –Ω–∞—à–µ–≥–æ –≥–æ—Ä–æ–¥–∞ - –ü–æ–ª–∏—Ü–µ–π—Å–∫–∏–π –ö—É–ø–µ—Ä. –ú—É–ª—å—Ç—Ñ–∏–ª—å–º—ã –ø—Ä–æ –º–∞—à–∏–Ω–∫–∏ –∏ –≥–æ–Ω–∫–∏.,13 –∏—é–ª 2015,https://yandex.ru/video/preview/2791349398698776208?parent-reqid=&text=%D0%B2%D0%B8%D0%B4%D0%B5%D0%BE
342,–ù–µ–≤–µ—Ä–æ—è—Ç–Ω—ã–µ –∂–∏–≤–æ—Ç–Ω—ã–µ –∫–æ—Ç–æ—Ä—ã–µ —Å–ø–∞—Å–ª–∏ –ª—é–¥–µ–π –æ—Ç —Å–º–µ—Ä—Ç–∏,4 –æ–∫—Ç 2016,https://yandex.ru/video/preview/14042421102094877463?parent-reqid=&text=%D0%B2%D0%B8%D0%B4%D0%B5%D0%BE
343,–°–∏—Ä–µ–Ω–æ–≥–æ–ª–æ–≤—ã–π –≤ –†–µ–∞–ª—å–Ω–æ–∏ –ñ–∏–∑–Ω–∏ !,24 –æ–∫—Ç 2020,https://yandex.ru/video/preview/2378588577154439537?parent-reqid=&text=%D0%B2%D0%B8%D0%B4%D0%B5%D0%BE
344,AFV Funny Vine Fails Compilation 2017 | Best Vines 2017,22 –Ω–æ—è 2017,https://yandex.ru/video/preview/2156104916859687415?parent-reqid=&text=%D0%B2%D0%B8%D0%B4%D0%B5%D0%BE
345,–Ø –ø—Ä–æ–¥–æ–ª–∂—É –¥–µ–ª–æ –ê–ª–µ–∫—Å–µ—è –ù–∞–≤–∞–ª—å–Ω–æ–≥–æ,19 —Ñ–µ–≤ 2024,https://yandex.ru/video/preview/15943971770868593952?parent-reqid=&text=%D0%B2%D0%B8%D0%B4%D0%B5%D0%BE
346,–°–≤–∏–Ω—ã–µ —Ö–≤–æ—Å—Ç–∏–∫–∏ –∏ –ø–∏—Ä–æ–∂–∫–∏ —Å –î—É—Ä–∏–∞–Ω–æ–º / –ï–¥–∞ –∏–∑ –ö–æ—Ä–µ–∏,19 –º–∞—è 2017,https://yandex.ru/video/preview/12033702613437022590?parent-reqid=&text=%D0%B2%D0%B8%D0%B4%D0%B5%D0%BE
347,–ë–æ–ª—å—à–µ –∏–ª–∏ –º–µ–Ω—å—à–µ –µ–¥—ã —á–µ–ª–ª–µ–Ω–¥–∂ !,28 —è–Ω–≤ 2020,https://yandex.ru/video/preview/5879754431389465601?parent-reqid=&text=%D0%B2%D0%B8%D0%B4%D0%B5%D0%BE
348,–ñ–µ–ª–µ–π–Ω—ã–π –º–µ–¥–≤–µ–¥—å –≤–∞–ª–µ—Ä–∞ –ª—É—á—à–µ–µ —á–∞—Å—Ç—å 2,11 –∏—é–ª 2017,https://yandex.ru/video/preview/4408082591807361763?parent-reqid=&text=%D0%B2%D0%B8%D0%B4%D0%B5%D0%BE
349,100 –ß–∞—Å–æ–≤ –¥–æ –ö–æ–Ω—Ü–∞ –ö–∞–Ω–∏–∫—É–ª !,6 —è–Ω–≤ 2024,https://yandex.ru/video/preview/6228078247307247644?parent-reqid=&text=%D0%B2%D0%B8%D0%B4%D0%B5%D0%BE
350,"Sia & Lexy Panterra Cheap Thrills - YouTube | Dance videos, 711 beyonce, Workout music",9 –¥–µ–∫ 2016,https://yandex.ru/video/preview/15962441145921177274?parent-reqid=&text=%D0%B2%D0%B8%D0%B4%D0%B5%D0%BE
351,100 –ß–∞—Å–æ–≤ –¥–æ –ö–æ–Ω—Ü–∞ –ö–∞–Ω–∏–∫—É–ª !,6 —è–Ω–≤ 2024,https://yandex.ru/video/preview/6228078247307247644?parent-reqid=&text=%D0%B2%D0%B8%D0%B4%D0%B5%D0%BE
352,"Sia & Lexy Panterra Cheap Thrills - YouTube | Dance videos, 711 beyonce, Workout music",9 –¥–µ–∫ 2016,https://yandex.ru/video/preview/15962441145921177274?parent-reqid=&text=%D0%B2%D0%B8%D0%B4%D0%B5%D0%BE
353,–ù–∞–∑–∞–¥ –∏–ª–∏ –í–ø–µ—Ä–µ–¥ –ß–µ–ª–ª–µ–Ω–¥–∂ !,22 –æ–∫—Ç 2019,https://yandex.ru/video/preview/12395571110501816563?parent-reqid=&text=%D0%B2%D0%B8%D0%B4%D0%B5%D0%BE
354,"13 —Å–º–µ—à–Ω—ã—Ö –ª–∞–π—Ñ—Ö–∞–∫–æ–≤, –∫–æ—Ç–æ—Ä—ã–µ —Ä–∞–±–æ—Ç–∞—é—Ç!",1 —Ñ–µ–≤ 2020,https://yandex.ru/video/preview/12014179660832541141?parent-reqid=&text=%D0%B2%D0%B8%D0%B4%D0%B5%D0%BE
355,25 –ù–æ–≤—ã—Ö –õ—É—á—à–∏—Ö –ö–ª–∏–ø–æ–≤ –ú–∞—Ä—Ç 2020. –°–∞–º—ã–µ –≥–æ—Ä—è—á–∏–µ –≤–∏–¥–µ–æ. –ì–ª–∞–≤–Ω—ã–µ —Ö–∏—Ç—ã —Å—Ç—Ä–∞–Ω—ã.,24 –∞–ø—Ä 2020,https://yandex.ru/video/preview/14679243490803721421?parent-reqid=&text=%D0%B2%D0%B8%D0%B4%D0%B5%D0%BE
356,–ü–æ–±–µ–≥ –ò–ó 100 –°–ª–æ–µ–≤ –ö–∞—Ä—Ç–æ–Ω–∞ ! –ú—ã –≤ –õ–æ–≤—É—à–∫–µ !,24 —Ñ–µ–≤ 2021,https://yandex.ru/video/preview/1252482562551659188?parent-reqid=&text=%D0%B2%D0%B8%D0%B4%D0%B5%D0%BE
357,24 —Ö–∏—Ç—Ä—ã—Ö –ø–æ–¥–∞—Ä–∫–∞ –æ—Ç –∂–µ–ª—Ç–æ–±—Ä—é—Ö–∞ –¥–ª—è –∂–µ–ª–µ–π–Ω–æ–≥–æ –º–µ–¥–≤–µ–¥—è –≤–∞–ª–µ—Ä—ã,21 –∏—é–ª 2019,https://yandex.ru/video/preview/12020478676037343097?parent-reqid=&text=%D0%B2%D0%B8%D0%B4%D0%B5%D0%BE
358,24 —á–∞—Å–∞ –í –ú–∞—à–∏–Ω–µ –¢–µ—Å–ª–∞ –ß–µ–ª–ª–µ–Ω–¥–∂ !,26 –∞–≤–≥ 2020,https://yandex.ru/video/preview/1289242060377782364?parent-reqid=&text=%D0%B2%D0%B8%D0%B4%D0%B5%D0%BE
359,–í–æ—Ç –ü–æ—á–µ–º—É –ù–∏–∫–æ–≥–¥–∞ –ù–µ –°—Ç–æ–∏—Ç –ë–ª–∏–∑–∫–æ –ü–æ–¥—Ö–æ–¥–∏—Ç—å –ö –ë–µ–≥–µ–º–æ—Ç—É!,21 –º–∞—è 2021,https://yandex.ru/video/preview/12478443886303494314?parent-reqid=&text=%D0%B2%D0%B8%D0%B4%D0%B5%D0%BE
360,Benny Benassi & Chris Brown - Paradise (Official Video),7 –∞–ø—Ä 2016,https://yandex.ru/video/preview/15781474167102396943?parent-reqid=&text=%D0%B2%D0%B8%D0%B4%D0%B5%D0%BE
361,–í—ã–±–æ—Ä —Ä—É—á–Ω–æ–≥–æ —Ñ—Ä–µ–∑–µ—Ä–∞ –¥–ª—è –Ω–∞—á–∏–Ω–∞—é—â–∏—Ö,8 —Å–µ–Ω 2014,https://yandex.ru/video/preview/5682675280854567934?parent-reqid=&text=%D0%B2%D0%B8%D0%B4%D0%B5%D0%BE
362,–ù–æ–≤—ã–π –î–û–ú –∏ –ù–æ–≤—ã–µ –¢–∞–π–Ω—ã –ü—Ä–∏–≤–µ—Ç –°–æ—Å–µ–¥! –ú—É–ª—å—Ç—è—à–Ω–∞—è —Ö–æ—Ä—Ä–æ—Ä –∏–≥—Ä–∞ Hello Neighbor –ê–ö–¢ 3 –ù–∞—á–∞–ª–æ,9 —Ñ–µ–≤ 2018,https://yandex.ru/video/preview/6246496985195400356?parent-reqid=&text=%D0%B2%D0%B8%D0%B4%D0%B5%D0%BE
363,–ú–æ–∏ –ø–µ—Ä–≤—ã–µ –≤–∏–¥–µ–æ,20 –º–∞—Ä 2015,https://yandex.ru/video/preview/5121622245302094302?parent-reqid=&text=%D0%B2%D0%B8%D0%B4%D0%B5%D0%BE
364,–ö–ò–ù–û ‚Äî –ì–æ—Ä–æ–¥,19 –¥–µ–∫ 2023,https://yandex.ru/video/preview/3223490078791659927?parent-reqid=&text=%D0%B2%D0%B8%D0%B4%D0%B5%D0%BE
365,48 —É–º–Ω—ã—Ö –∏ —ç–∫–æ–Ω–æ–º–Ω—ã—Ö –ª–∞–π—Ñ—Ö–∞–∫–æ–≤ –¥–ª—è –¥–æ–º–∞,10 –∏—é–ª 2020,https://yandex.ru/video/preview/8463966845777440814?parent-reqid=&text=%D0%B2%D0%B8%D0%B4%D0%B5%D0%BE
366,"Twice ""Fancy"" M/V",22 –∞–ø—Ä 2019,https://yandex.ru/video/preview/9106083509654128154?parent-reqid=&text=%D0%B2%D0%B8%D0%B4%D0%B5%D0%BE
367,–ü—Ä–∏–∫–æ–ª—ã —Å –∫–æ—Ç–∞–º–∏! –° –û–∑–≤—É—á–∫–æ–π - –°–º–µ—à–Ω—ã–µ –ö–û–¢–´ - –°–º–µ—à–Ω—ã–µ –ñ–∏–≤–æ—Ç–Ω—ã–µ - 1 —á–∞—Å —Å–º–µ—Ö–∞!,10 –∞–≤–≥ 2023,https://yandex.ru/video/preview/10927704115616088566?parent-reqid=&text=%D0%B2%D0%B8%D0%B4%D0%B5%D0%BE
368,–°–∞–º—ã–µ –ù–µ–≤–µ—Ä–æ—è—Ç–Ω—ã–µ –ª–µ—Ç–∞—é—â–∏–µ –º–∞—à–∏–Ω—ã,8 –æ–∫—Ç 2016,https://yandex.ru/video/preview/7652511982403541503?parent-reqid=&text=%D0%B2%D0%B8%D0%B4%D0%B5%D0%BE
369,PSY - ‚ÄòNew Face‚Äô M/V,10 –º–∞—è 2017,https://yandex.ru/video/preview/17868692383045637243?parent-reqid=&text=%D0%B2%D0%B8%D0%B4%D0%B5%D0%BE
370,"–ö—Ç–æ –ü–æ—Å–ª–µ–¥–Ω–∏–∏ –£—Å–Ω—ë—Ç –ü–æ–ª—É—á–∏—Ç 10,000$ - –ß–µ–ª–ª–µ–Ω–¥–∂",6 –∏—é–ª 2020,https://yandex.ru/video/preview/14290937419644539955?parent-reqid=&text=%D0%B2%D0%B8%D0%B4%D0%B5%D0%BE
